#include "ui.h"
#include "ui_extension.h"
#include "screens.h"
#include "images.h"
#include "actions.h"
#include "vars.h"

// ASSETS DEFINITION
const uint8_t assets[33676] = {
    0x7E, 0x45, 0x45, 0x5A, 0x03, 0x00, 0x06, 0x00, 0x00, 0x00, 0x00, 0x00, 0x24, 0x00, 0x00, 0x00,
    0x24, 0x00, 0x00, 0x00, 0x00, 0x00, 0x00, 0x00, 0x00, 0x00, 0x00, 0x00, 0x00, 0x00, 0x00, 0x00,
    0x00, 0x00, 0x00, 0x00, 0x20, 0x00, 0x00, 0x00, 0x00, 0x00, 0x00, 0x00, 0x00, 0x00, 0x00, 0x00,
    0xE0, 0x01, 0x40, 0x01, 0x01, 0x00, 0x00, 0x00, 0x24, 0x00, 0x00, 0x00, 0x02, 0x00, 0x00, 0x00,
    0x20, 0x00, 0x00, 0x00, 0x25, 0x00, 0x00, 0x00, 0x1C, 0x00, 0x00, 0x00, 0x29, 0x00, 0x00, 0x00,
    0x24, 0x7F, 0x00, 0x00, 0x2C, 0x00, 0x00, 0x00, 0xA0, 0x00, 0x00, 0x00, 0x4C, 0x01, 0x00, 0x00,
    0x00, 0x00, 0xFF, 0xFF, 0x50, 0x01, 0x00, 0x00, 0x7C, 0x01, 0x00, 0x00, 0xA8, 0x01, 0x00, 0x00,
    0xD4, 0x01, 0x00, 0x00, 0x00, 0x02, 0x00, 0x00, 0x2C, 0x02, 0x00, 0x00, 0x58, 0x02, 0x00, 0x00,
    0x84, 0x02, 0x00, 0x00, 0xB0, 0x02, 0x00, 0x00, 0xDC, 0x02, 0x00, 0x00, 0x08, 0x03, 0x00, 0x00,
    0x34, 0x03, 0x00, 0x00, 0x60, 0x03, 0x00, 0x00, 0x8C, 0x03, 0x00, 0x00, 0xB8, 0x03, 0x00, 0x00,
    0xE4, 0x03, 0x00, 0x00, 0x10, 0x04, 0x00, 0x00, 0x3C, 0x04, 0x00, 0x00, 0x68, 0x04, 0x00, 0x00,
    0x94, 0x04, 0x00, 0x00, 0xC0, 0x04, 0x00, 0x00, 0xEC, 0x04, 0x00, 0x00, 0x18, 0x05, 0x00, 0x00,
    0x44, 0x05, 0x00, 0x00, 0x70, 0x05, 0x00, 0x00, 0x9C, 0x05, 0x00, 0x00, 0xC8, 0x05, 0x00, 0x00,
    0xF4, 0x05, 0x00, 0x00, 0x20, 0x06, 0x00, 0x00, 0x4C, 0x06, 0x00, 0x00, 0x78, 0x06, 0x00, 0x00,
    0xA4, 0x06, 0x00, 0x00, 0xD0, 0x06, 0x00, 0x00, 0xFC, 0x06, 0x00, 0x00, 0x28, 0x07, 0x00, 0x00,
    0x54, 0x07, 0x00, 0x00, 0x80, 0x07, 0x00, 0x00, 0xAC, 0x07, 0x00, 0x00, 0xB8, 0x07, 0x00, 0x00,
    0xC4, 0x07, 0x00, 0x00, 0xD0, 0x07, 0x00, 0x00, 0xDC, 0x07, 0x00, 0x00, 0xE8, 0x07, 0x00, 0x00,
    0xF4, 0x07, 0x00, 0x00, 0x00, 0x08, 0x00, 0x00, 0x0C, 0x08, 0x00, 0x00, 0x18, 0x08, 0x00, 0x00,
    0x24, 0x08, 0x00, 0x00, 0x30, 0x08, 0x00, 0x00, 0x3C, 0x08, 0x00, 0x00, 0x48, 0x08, 0x00, 0x00,
    0x54, 0x08, 0x00, 0x00, 0x60, 0x08, 0x00, 0x00, 0x6C, 0x08, 0x00, 0x00, 0x78, 0x08, 0x00, 0x00,
    0x84, 0x08, 0x00, 0x00, 0x90, 0x08, 0x00, 0x00, 0x9C, 0x08, 0x00, 0x00, 0xA8, 0x08, 0x00, 0x00,
    0xB4, 0x08, 0x00, 0x00, 0xC0, 0x08, 0x00, 0x00, 0xCC, 0x08, 0x00, 0x00, 0xD8, 0x08, 0x00, 0x00,
    0xE4, 0x08, 0x00, 0x00, 0xF0, 0x08, 0x00, 0x00, 0xFC, 0x08, 0x00, 0x00, 0x08, 0x09, 0x00, 0x00,
    0x14, 0x09, 0x00, 0x00, 0x20, 0x09, 0x00, 0x00, 0x2C, 0x09, 0x00, 0x00, 0x38, 0x09, 0x00, 0x00,
    0x44, 0x09, 0x00, 0x00, 0x50, 0x09, 0x00, 0x00, 0x5C, 0x09, 0x00, 0x00, 0x68, 0x09, 0x00, 0x00,
    0x74, 0x09, 0x00, 0x00, 0x80, 0x09, 0x00, 0x00, 0x8C, 0x09, 0x00, 0x00, 0x98, 0x09, 0x00, 0x00,
    0xA4, 0x09, 0x00, 0x00, 0xB0, 0x09, 0x00, 0x00, 0xBC, 0x09, 0x00, 0x00, 0x00, 0x00, 0x00, 0x00,
    0x00, 0x00, 0x00, 0x00, 0x0F, 0x00, 0x00, 0x00, 0xB4, 0x09, 0x00, 0x00, 0x00, 0x00, 0x00, 0x00,
    0x00, 0x00, 0x00, 0x00, 0x00, 0x00, 0x00, 0x00, 0x00, 0x00, 0x00, 0x00, 0x00, 0x00, 0x00, 0x00,
    0x00, 0x00, 0x00, 0x00, 0x00, 0x00, 0x00, 0x00, 0x00, 0x00, 0x00, 0x00, 0x00, 0x00, 0x00, 0x00,
    0x00, 0x00, 0x00, 0x00, 0x0B, 0x00, 0x00, 0x00, 0xC0, 0x09, 0x00, 0x00, 0x01, 0x00, 0x00, 0x00,
    0xE4, 0x09, 0x00, 0x00, 0x02, 0x00, 0x00, 0x00, 0x20, 0x7E, 0x00, 0x00, 0x00, 0x00, 0x00, 0x00,
    0x00, 0x00, 0x00, 0x00, 0x00, 0x00, 0x00, 0x00, 0x00, 0x00, 0x00, 0x00, 0x00, 0x00, 0x00, 0x00,
    0x00, 0x00, 0x00, 0x00, 0x05, 0x00, 0x00, 0x00, 0xC0, 0x09, 0x00, 0x00, 0x00, 0x00, 0x00, 0x00,
    0x00, 0x00, 0x00, 0x00, 0x00, 0x00, 0x00, 0x00, 0x00, 0x00, 0x00, 0x00, 0x00, 0x00, 0x00, 0x00,
    0x00, 0x00, 0x00, 0x00, 0x00, 0x00, 0x00, 0x00, 0x00, 0x00, 0x00, 0x00, 0x00, 0x00, 0x00, 0x00,
    0x00, 0x00, 0x00, 0x00, 0x06, 0x00, 0x00, 0x00, 0xA4, 0x09, 0x00, 0x00, 0x00, 0x00, 0x00, 0x00,
    0x00, 0x00, 0x00, 0x00, 0x00, 0x00, 0x00, 0x00, 0x00, 0x00, 0x00, 0x00, 0x00, 0x00, 0x00, 0x00,
    0x00, 0x00, 0x00, 0x00, 0x00, 0x00, 0x00, 0x00, 0x00, 0x00, 0x00, 0x00, 0x00, 0x00, 0x00, 0x00,
    0x00, 0x00, 0x00, 0x00, 0x02, 0x00, 0x00, 0x00, 0x8C, 0x09, 0x00, 0x00, 0x00, 0x00, 0x00, 0x00,
    0x00, 0x00, 0x00, 0x00, 0x00, 0x00, 0x00, 0x00, 0x00, 0x00, 0x00, 0x00, 0x00, 0x00, 0x00, 0x00,
    0x00, 0x00, 0x00, 0x00, 0x00, 0x00, 0x00, 0x00, 0x00, 0x00, 0x00, 0x00, 0x00, 0x00, 0x00, 0x00,
    0x00, 0x00, 0x00, 0x00, 0x09, 0x00, 0x00, 0x00, 0x64, 0x09, 0x00, 0x00, 0x03, 0x00, 0x00, 0x00,
    0x80, 0x09, 0x00, 0x00, 0x05, 0x00, 0x00, 0x00, 0x64, 0x7D, 0x00, 0x00, 0x00, 0x00, 0x00, 0x00,
    0x00, 0x00, 0x00, 0x00, 0x01, 0x00, 0x00, 0x00, 0x74, 0x09, 0x00, 0x00, 0x03, 0x00, 0x00, 0x00,
    0x70, 0x09, 0x00, 0x00, 0x05, 0x00, 0x00, 0x00, 0x6C, 0x09, 0x00, 0x00, 0x01, 0x00, 0x00, 0x00,
    0x78, 0x09, 0x00, 0x00, 0x00, 0x00, 0x00, 0x00, 0x00, 0x00, 0x00, 0x00, 0x00, 0x00, 0x00, 0x00,
    0x00, 0x00, 0x00, 0x00, 0x00, 0x00, 0x00, 0x00, 0x00, 0x00, 0x00, 0x00, 0x00, 0x00, 0x00, 0x00,
    0x00, 0x00, 0x00, 0x00, 0x02, 0x00, 0x00, 0x00, 0x54, 0x09, 0x00, 0x00, 0x00, 0x00, 0x00, 0x00,
    0x00, 0x00, 0x00, 0x00, 0x00, 0x00, 0x00, 0x00, 0x00, 0x00, 0x00, 0x00, 0x00, 0x00, 0x00, 0x00,
    0x00, 0x00, 0x00, 0x00, 0x00, 0x00, 0x00, 0x00, 0x00, 0x00, 0x00, 0x00, 0x00, 0x00, 0x00, 0x00,
    0x00, 0x00, 0x00, 0x00, 0x03, 0x00, 0x00, 0x00, 0x2C, 0x09, 0x00, 0x00, 0x00, 0x00, 0x00, 0x00,
    0x00, 0x00, 0x00, 0x00, 0x00, 0x00, 0x00, 0x00, 0x00, 0x00, 0x00, 0x00, 0x00, 0x00, 0x00, 0x00,
    0x00, 0x00, 0x00, 0x00, 0x00, 0x00, 0x00, 0x00, 0x00, 0x00, 0x00, 0x00, 0x00, 0x00, 0x00, 0x00,
    0x00, 0x00, 0x00, 0x00, 0x02, 0x00, 0x00, 0x00, 0x08, 0x09, 0x00, 0x00, 0x00, 0x00, 0x00, 0x00,
    0x00, 0x00, 0x00, 0x00, 0x00, 0x00, 0x00, 0x00, 0x00, 0x00, 0x00, 0x00, 0x00, 0x00, 0x00, 0x00,
    0x00, 0x00, 0x00, 0x00, 0x00, 0x00, 0x00, 0x00, 0x00, 0x00, 0x00, 0x00, 0x00, 0x00, 0x00, 0x00,
    0x00, 0x00, 0x00, 0x00, 0x11, 0x00, 0x00, 0x00, 0xE0, 0x08, 0x00, 0x00, 0x00, 0x00, 0x00, 0x00,
    0x00, 0x00, 0x00, 0x00, 0x00, 0x00, 0x00, 0x00, 0x00, 0x00, 0x00, 0x00, 0x00, 0x00, 0x00, 0x00,
    0x00, 0x00, 0x00, 0x00, 0x00, 0x00, 0x00, 0x00, 0x00, 0x00, 0x00, 0x00, 0x00, 0x00, 0x00, 0x00,
    0x00, 0x00, 0x00, 0x00, 0x0B, 0x00, 0x00, 0x00, 0xF4, 0x08, 0x00, 0x00, 0x00, 0x00, 0x00, 0x00,
    0x00, 0x00, 0x00, 0x00, 0x00, 0x00, 0x00, 0x00, 0x00, 0x00, 0x00, 0x00, 0x00, 0x00, 0x00, 0x00,
    0x00, 0x00, 0x00, 0x00, 0x00, 0x00, 0x00, 0x00, 0x00, 0x00, 0x00, 0x00, 0x00, 0x00, 0x00, 0x00,
    0x00, 0x00, 0x00, 0x00, 0x07, 0x00, 0x00, 0x00, 0xF0, 0x08, 0x00, 0x00, 0x01, 0x00, 0x00, 0x00,
    0x04, 0x09, 0x00, 0x00, 0x00, 0x00, 0x00, 0x00, 0x00, 0x00, 0x00, 0x00, 0x00, 0x00, 0x00, 0x00,
    0x00, 0x00, 0x00, 0x00, 0x00, 0x00, 0x00, 0x00, 0x00, 0x00, 0x00, 0x00, 0x01, 0x00, 0x00, 0x00,
    0xE8, 0x08, 0x00, 0x00, 0x10, 0x00, 0x00, 0x00, 0xE4, 0x08, 0x00, 0x00, 0x01, 0x00, 0x00, 0x00,
    0x1C, 0x09, 0x00, 0x00, 0x00, 0x00, 0x00, 0x00, 0x00, 0x00, 0x00, 0x00, 0x00, 0x00, 0x00, 0x00,
    0x00, 0x00, 0x00, 0x00, 0x00, 0x00, 0x00, 0x00, 0x00, 0x00, 0x00, 0x00, 0x00, 0x00, 0x00, 0x00,
    0x00, 0x00, 0x00, 0x00, 0x04, 0x00, 0x00, 0x00, 0xF8, 0x08, 0x00, 0x00, 0x02, 0x00, 0x00, 0x00,
    0x00, 0x09, 0x00, 0x00, 0x01, 0x00, 0x00, 0x00, 0xBC, 0x7B, 0x00, 0x00, 0x00, 0x00, 0x00, 0x00,
    0x00, 0x00, 0x00, 0x00, 0x01, 0x00, 0x00, 0x00, 0xF0, 0x08, 0x00, 0x00, 0x01, 0x00, 0x00, 0x00,
    0xEC, 0x08, 0x00, 0x00, 0x10, 0x00, 0x00, 0x00, 0xE8, 0x08, 0x00, 0x00, 0x01, 0x00, 0x00, 0x00,
    0x20, 0x09, 0x00, 0x00, 0x04, 0x00, 0x00, 0x00, 0x90, 0x7B, 0x00, 0x00, 0x00, 0x00, 0x00, 0x00,
    0x00, 0x00, 0x00, 0x00, 0x00, 0x00, 0x00, 0x00, 0x00, 0x00, 0x00, 0x00, 0x00, 0x00, 0x00, 0x00,
    0x00, 0x00, 0x00, 0x00, 0x00, 0x00, 0x00, 0x00, 0x00, 0x00, 0x00, 0x00, 0x00, 0x00, 0x00, 0x00,
    0x00, 0x00, 0x00, 0x00, 0x00, 0x00, 0x00, 0x00, 0x00, 0x00, 0x00, 0x00, 0x00, 0x00, 0x00, 0x00,
    0x00, 0x00, 0x00, 0x00, 0x00, 0x00, 0x00, 0x00, 0x00, 0x00, 0x00, 0x00, 0x00, 0x00, 0x00, 0x00,
    0x00, 0x00, 0x00, 0x00, 0x19, 0x00, 0x00, 0x00, 0xCC, 0x08, 0x00, 0x00, 0x01, 0x00, 0x00, 0x00,
    0x28, 0x09, 0x00, 0x00, 0x01, 0x00, 0x00, 0x00, 0x34, 0x7B, 0x00, 0x00, 0x00, 0x00, 0x00, 0x00,
    0x00, 0x00, 0x00, 0x00, 0x00, 0x00, 0x00, 0x00, 0x00, 0x00, 0x00, 0x00, 0x00, 0x00, 0x00, 0x00,
    0x00, 0x00, 0x00, 0x00, 0x0E, 0x00, 0x00, 0x00, 0x04, 0x09, 0x00, 0x00, 0x00, 0x00, 0x00, 0x00,
    0x00, 0x00, 0x00, 0x00, 0x00, 0x00, 0x00, 0x00, 0x00, 0x00, 0x00, 0x00, 0x00, 0x00, 0x00, 0x00,
    0x00, 0x00, 0x00, 0x00, 0x00, 0x00, 0x00, 0x00, 0x00, 0x00, 0x00, 0x00, 0x00, 0x00, 0x00, 0x00,
    0x00, 0x00, 0x00, 0x00, 0x00, 0x00, 0x00, 0x00, 0x00, 0x00, 0x00, 0x00, 0x00, 0x00, 0x00, 0x00,
    0x00, 0x00, 0x00, 0x00, 0x00, 0x00, 0x00, 0x00, 0x00, 0x00, 0x00, 0x00, 0x00, 0x00, 0x00, 0x00,
    0x00, 0x00, 0x00, 0x00, 0x00, 0x00, 0x00, 0x00, 0x00, 0x00, 0x00, 0x00, 0x00, 0x00, 0x00, 0x00,
    0x00, 0x00, 0x00, 0x00, 0x07, 0x00, 0x00, 0x00, 0xDC, 0x08, 0x00, 0x00, 0x00, 0x00, 0x00, 0x00,
    0x00, 0x00, 0x00, 0x00, 0x00, 0x00, 0x00, 0x00, 0x00, 0x00, 0x00, 0x00, 0x00, 0x00, 0x00, 0x00,
    0x00, 0x00, 0x00, 0x00, 0x00, 0x00, 0x00, 0x00, 0x00, 0x00, 0x00, 0x00, 0x00, 0x00, 0x00, 0x00,
    0x00, 0x00, 0x00, 0x00, 0x0C, 0x00, 0x00, 0x00, 0xC8, 0x08, 0x00, 0x00, 0x01, 0x00, 0x00, 0x00,
    0xF0, 0x08, 0x00, 0x00, 0x02, 0x00, 0x00, 0x00, 0x78, 0x7A, 0x00, 0x00, 0x00, 0x00, 0x00, 0x00,
    0x00, 0x00, 0x00, 0x00, 0x00, 0x00, 0x00, 0x00, 0x00, 0x00, 0x00, 0x00, 0x00, 0x00, 0x00, 0x00,
    0x00, 0x00, 0x00, 0x00, 0x19, 0x00, 0x00, 0x00, 0xCC, 0x08, 0x00, 0x00, 0x01, 0x00, 0x00, 0x00,
    0x28, 0x09, 0x00, 0x00, 0x07, 0x00, 0x00, 0x00, 0x4C, 0x7A, 0x00, 0x00, 0x00, 0x00, 0x00, 0x00,
    0x00, 0x00, 0x00, 0x00, 0x00, 0x00, 0x00, 0x00, 0x00, 0x00, 0x00, 0x00, 0x01, 0x00, 0x00, 0x00,
    0x0C, 0x09, 0x00, 0x00, 0x13, 0x00, 0x00, 0x00, 0x08, 0x09, 0x00, 0x00, 0x02, 0x00, 0x00, 0x00,
    0x4C, 0x09, 0x00, 0x00, 0x04, 0x00, 0x00, 0x00, 0x24, 0x7A, 0x00, 0x00, 0x00, 0x00, 0x00, 0x00,
    0x00, 0x00, 0x00, 0x00, 0x00, 0x00, 0x00, 0x00, 0x00, 0x00, 0x00, 0x00, 0x01, 0x00, 0x00, 0x00,
    0x34, 0x09, 0x00, 0x00, 0x03, 0x00, 0x00, 0x00, 0x30, 0x09, 0x00, 0x00, 0x01, 0x00, 0x00, 0x00,
    0x34, 0x09, 0x00, 0x00, 0x00, 0x00, 0x00, 0x00, 0x00, 0x00, 0x00, 0x00, 0x00, 0x00, 0x00, 0x00,
    0x00, 0x00, 0x00, 0x00, 0x00, 0x00, 0x00, 0x00, 0x00, 0x00, 0x00, 0x00, 0x01, 0x00, 0x00, 0x00,
    0x18, 0x09, 0x00, 0x00, 0x06, 0x00, 0x00, 0x00, 0x14, 0x09, 0x00, 0x00, 0x01, 0x00, 0x00, 0x00,
    0x24, 0x09, 0x00, 0x00, 0x02, 0x00, 0x00, 0x00, 0xC8, 0x79, 0x00, 0x00, 0x00, 0x00, 0x00, 0x00,
    0x00, 0x00, 0x00, 0x00, 0x00, 0x00, 0x00, 0x00, 0x00, 0x00, 0x00, 0x00, 0x01, 0x00, 0x00, 0x00,
    0x08, 0x09, 0x00, 0x00, 0x05, 0x00, 0x00, 0x00, 0x04, 0x09, 0x00, 0x00, 0x00, 0x00, 0x00, 0x00,
    0x00, 0x00, 0x00, 0x00, 0x00, 0x00, 0x00, 0x00, 0x00, 0x00, 0x00, 0x00, 0x00, 0x00, 0x00, 0x00,
    0x00, 0x00, 0x00, 0x00, 0x00, 0x00, 0x00, 0x00, 0x00, 0x00, 0x00, 0x00, 0x00, 0x00, 0x00, 0x00,
    0x00, 0x00, 0x00, 0x00, 0x06, 0x00, 0x00, 0x00, 0xE8, 0x08, 0x00, 0x00, 0x02, 0x00, 0x00, 0x00,
    0xF8, 0x08, 0x00, 0x00, 0x01, 0x00, 0x00, 0x00, 0x6C, 0x79, 0x00, 0x00, 0x00, 0x00, 0x00, 0x00,
    0x00, 0x00, 0x00, 0x00, 0x00, 0x00, 0x00, 0x00, 0x00, 0x00, 0x00, 0x00, 0x01, 0x00, 0x00, 0x00,
    0xE0, 0x08, 0x00, 0x00, 0x06, 0x00, 0x00, 0x00, 0xDC, 0x08, 0x00, 0x00, 0x02, 0x00, 0x00, 0x00,
    0xEC, 0x08, 0x00, 0x00, 0x01, 0x00, 0x00, 0x00, 0x40, 0x79, 0x00, 0x00, 0x00, 0x00, 0x00, 0x00,
    0x00, 0x00, 0x00, 0x00, 0x00, 0x00, 0x00, 0x00, 0x00, 0x00, 0x00, 0x00, 0x01, 0x00, 0x00, 0x00,
    0xD4, 0x08, 0x00, 0x00, 0x07, 0x00, 0x00, 0x00, 0xD0, 0x08, 0x00, 0x00, 0x01, 0x00, 0x00, 0x00,
    0xE4, 0x08, 0x00, 0x00, 0x00, 0x00, 0x00, 0x00, 0x00, 0x00, 0x00, 0x00, 0x00, 0x00, 0x00, 0x00,
    0x00, 0x00, 0x00, 0x00, 0x00, 0x00, 0x00, 0x00, 0x00, 0x00, 0x00, 0x00, 0x01, 0x00, 0x00, 0x00,
    0xC8, 0x08, 0x00, 0x00, 0x03, 0x00, 0x00, 0x00, 0xC4, 0x08, 0x00, 0x00, 0x01, 0x00, 0x00, 0x00,
    0xC8, 0x08, 0x00, 0x00, 0x00, 0x00, 0x00, 0x00, 0x00, 0x00, 0x00, 0x00, 0x00, 0x00, 0x00, 0x00,
    0x00, 0x00, 0x00, 0x00, 0x00, 0x00, 0x00, 0x00, 0x00, 0x00, 0x00, 0x00, 0x01, 0x00, 0x00, 0x00,
    0xAC, 0x08, 0x00, 0x00, 0x03, 0x00, 0x00, 0x00, 0xA8, 0x08, 0x00, 0x00, 0x00, 0x00, 0x00, 0x00,
    0x00, 0x00, 0x00, 0x00, 0x00, 0x00, 0x00, 0x00, 0x00, 0x00, 0x00, 0x00, 0x00, 0x00, 0x00, 0x00,
    0x00, 0x00, 0x00, 0x00, 0x00, 0x00, 0x00, 0x00, 0x00, 0x00, 0x00, 0x00, 0x00, 0x00, 0x00, 0x00,
    0x00, 0x00, 0x00, 0x00, 0x00, 0x00, 0x00, 0x00, 0x00, 0x00, 0x00, 0x00, 0x00, 0x00, 0x00, 0x00,
    0x00, 0x00, 0x00, 0x00, 0x00, 0x00, 0x00, 0x00, 0x00, 0x00, 0x00, 0x00, 0x00, 0x00, 0x00, 0x00,
    0x00, 0x00, 0x00, 0x00, 0x00, 0x00, 0x00, 0x00, 0x00, 0x00, 0x00, 0x00, 0x00, 0x00, 0x00, 0x00,
    0x00, 0x00, 0x00, 0x00, 0x00, 0x00, 0x00, 0x00, 0x00, 0x00, 0x00, 0x00, 0x00, 0x00, 0x00, 0x00,
    0x00, 0x00, 0x00, 0x00, 0x00, 0x00, 0x00, 0x00, 0x00, 0x00, 0x00, 0x00, 0x00, 0x00, 0x00, 0x00,
    0x00, 0x00, 0x00, 0x00, 0x00, 0x00, 0x00, 0x00, 0x00, 0x00, 0x00, 0x00, 0x00, 0x00, 0x00, 0x00,
    0x00, 0x00, 0x00, 0x00, 0x00, 0x00, 0x00, 0x00, 0x00, 0x00, 0x00, 0x00, 0x00, 0x00, 0x00, 0x00,
    0x00, 0x00, 0x00, 0x00, 0x00, 0x00, 0x00, 0x00, 0x00, 0x00, 0x00, 0x00, 0x00, 0x00, 0x00, 0x00,
    0x00, 0x00, 0x00, 0x00, 0x00, 0x00, 0x00, 0x00, 0x00, 0x00, 0x00, 0x00, 0x00, 0x00, 0x00, 0x00,
    0x00, 0x00, 0x00, 0x00, 0x01, 0x00, 0x00, 0x00, 0xF4, 0x07, 0x00, 0x00, 0x01, 0x00, 0x00, 0x00,
    0xF0, 0x07, 0x00, 0x00, 0x00, 0x00, 0x00, 0x00, 0x00, 0x00, 0x00, 0x00, 0x00, 0x00, 0x00, 0x00,
    0x00, 0x00, 0x00, 0x00, 0x00, 0x00, 0x00, 0x00, 0x00, 0x00, 0x00, 0x00, 0x01, 0x00, 0x00, 0x00,
    0xD4, 0x07, 0x00, 0x00, 0x00, 0x00, 0x00, 0x00, 0x00, 0x00, 0x00, 0x00, 0x00, 0x00, 0x00, 0x00,
    0x00, 0x00, 0x00, 0x00, 0x00, 0x00, 0x00, 0x00, 0x00, 0x00, 0x00, 0x00, 0x00, 0x00, 0x00, 0x00,
    0x00, 0x00, 0x00, 0x00, 0x00, 0x00, 0x00, 0x00, 0x00, 0x00, 0x00, 0x00, 0x00, 0x00, 0x00, 0x00,
    0x00, 0x00, 0x00, 0x00, 0x02, 0x00, 0x00, 0x00, 0x00, 0x00, 0x00, 0x00, 0x00, 0x00, 0x00, 0x00,
    0x00, 0x00, 0x00, 0x00, 0x02, 0x00, 0x00, 0x00, 0x00, 0x00, 0x00, 0x00, 0x00, 0x00, 0x00, 0x00,
    0x00, 0x00, 0x00, 0x00, 0x02, 0x00, 0x00, 0x00, 0x00, 0x00, 0x00, 0x00, 0x01, 0x00, 0x00, 0x00,
    0x00, 0x00, 0x00, 0x00, 0x02, 0x00, 0x00, 0x00, 0x00, 0x00, 0x00, 0x00, 0x01, 0x00, 0x00, 0x00,
    0x00, 0x00, 0x00, 0x00, 0x02, 0x00, 0x00, 0x00, 0x00, 0x00, 0x00, 0x00, 0x01, 0x00, 0x00, 0x00,
    0x00, 0x00, 0x00, 0x00, 0x07, 0x00, 0x00, 0x00, 0x00, 0x00, 0x00, 0x00, 0x00, 0x00, 0x00, 0x00,
    0x00, 0x00, 0x00, 0x00, 0x10, 0x00, 0x00, 0x00, 0x00, 0x00, 0x00, 0x00, 0x40, 0x07, 0x00, 0x00,
    0x00, 0x00, 0x00, 0x00, 0x10, 0x00, 0x00, 0x00, 0x00, 0x00, 0x00, 0x00, 0xD8, 0x07, 0x00, 0x00,
    0x00, 0x00, 0x00, 0x00, 0x0E, 0x00, 0x00, 0x00, 0x00, 0x00, 0x00, 0x00, 0xC0, 0x08, 0x00, 0x00,
    0x00, 0x00, 0x00, 0x00, 0x0E, 0x00, 0x00, 0x00, 0x00, 0x00, 0x00, 0x00, 0xB8, 0x08, 0x00, 0x00,
    0x00, 0x00, 0x00, 0x00, 0x0E, 0x00, 0x00, 0x00, 0x00, 0x00, 0x00, 0x00, 0xB0, 0x08, 0x00, 0x00,
    0x00, 0x00, 0x00, 0x00, 0x0E, 0x00, 0x00, 0x00, 0x00, 0x00, 0x00, 0x00, 0xBC, 0x08, 0x00, 0x00,
    0x00, 0x00, 0x00, 0x00, 0x0E, 0x00, 0x00, 0x00, 0x00, 0x00, 0x00, 0x00, 0xBC, 0x08, 0x00, 0x00,
    0x00, 0x00, 0x00, 0x00, 0x0E, 0x00, 0x00, 0x00, 0x00, 0x00, 0x00, 0x00, 0xB0, 0x08, 0x00, 0x00,
    0x00, 0x00, 0x00, 0x00, 0x0E, 0x00, 0x00, 0x00, 0x00, 0x00, 0x00, 0x00, 0xB0, 0x08, 0x00, 0x00,
    0x00, 0x00, 0x00, 0x00, 0x0E, 0x00, 0x00, 0x00, 0x00, 0x00, 0x00, 0x00, 0xB0, 0x08, 0x00, 0x00,
    0x00, 0x00, 0x00, 0x00, 0x0E, 0x00, 0x00, 0x00, 0x00, 0x00, 0x00, 0x00, 0xAC, 0x08, 0x00, 0x00,
    0x00, 0x00, 0x00, 0x00, 0x0E, 0x00, 0x00, 0x00, 0x00, 0x00, 0x00, 0x00, 0xA0, 0x08, 0x00, 0x00,
    0x00, 0x00, 0x00, 0x00, 0x0E, 0x00, 0x00, 0x00, 0x00, 0x00, 0x00, 0x00, 0x94, 0x08, 0x00, 0x00,
    0x00, 0x00, 0x00, 0x00, 0x0E, 0x00, 0x00, 0x00, 0x00, 0x00, 0x00, 0x00, 0x94, 0x08, 0x00, 0x00,
    0x00, 0x00, 0x00, 0x00, 0x0E, 0x00, 0x00, 0x00, 0x00, 0x00, 0x00, 0x00, 0x94, 0x08, 0x00, 0x00,
    0x00, 0x00, 0x00, 0x00, 0x0E, 0x00, 0x00, 0x00, 0x00, 0x00, 0x00, 0x00, 0x94, 0x08, 0x00, 0x00,
    0x00, 0x00, 0x00, 0x00, 0x0E, 0x00, 0x00, 0x00, 0x00, 0x00, 0x00, 0x00, 0x94, 0x08, 0x00, 0x00,
    0x00, 0x00, 0x00, 0x00, 0x0E, 0x00, 0x00, 0x00, 0x00, 0x00, 0x00, 0x00, 0x8C, 0x08, 0x00, 0x00,
    0x00, 0x00, 0x00, 0x00, 0x0E, 0x00, 0x00, 0x00, 0x00, 0x00, 0x00, 0x00, 0x84, 0x08, 0x00, 0x00,
    0x00, 0x00, 0x00, 0x00, 0x0E, 0x00, 0x00, 0x00, 0x00, 0x00, 0x00, 0x00, 0x80, 0x08, 0x00, 0x00,
    0x00, 0x00, 0x00, 0x00, 0x0E, 0x00, 0x00, 0x00, 0x00, 0x00, 0x00, 0x00, 0x78, 0x08, 0x00, 0x00,
    0x00, 0x00, 0x00, 0x00, 0x0E, 0x00, 0x00, 0x00, 0x00, 0x00, 0x00, 0x00, 0x70, 0x08, 0x00, 0x00,
    0x00, 0x00, 0x00, 0x00, 0x0E, 0x00, 0x00, 0x00, 0x00, 0x00, 0x00, 0x00, 0x70, 0x08, 0x00, 0x00,
    0x00, 0x00, 0x00, 0x00, 0x0E, 0x00, 0x00, 0x00, 0x00, 0x00, 0x00, 0x00, 0x70, 0x08, 0x00, 0x00,
    0x00, 0x00, 0x00, 0x00, 0x02, 0x00, 0x00, 0x00, 0x00, 0x00, 0x00, 0x00, 0x00, 0x00, 0x00, 0x00,
    0x00, 0x00, 0x00, 0x00, 0x10, 0x00, 0x00, 0x00, 0x00, 0x00, 0x00, 0x00, 0x60, 0x08, 0x00, 0x00,
    0x00, 0x00, 0x00, 0x00, 0x10, 0x00, 0x00, 0x00, 0x00, 0x00, 0x00, 0x00, 0xF8, 0x08, 0x00, 0x00,
    0x00, 0x00, 0x00, 0x00, 0x10, 0x00, 0x00, 0x00, 0x00, 0x00, 0x00, 0x00, 0x30, 0x09, 0x00, 0x00,
    0x00, 0x00, 0x00, 0x00, 0x02, 0x00, 0x00, 0x00, 0x00, 0x00, 0x00, 0x00, 0x00, 0x00, 0x00, 0x00,
    0x00, 0x00, 0x00, 0x00, 0x10, 0x00, 0x00, 0x00, 0x00, 0x00, 0x00, 0x00, 0xB8, 0x09, 0x00, 0x00,
    0x00, 0x00, 0x00, 0x00, 0x10, 0x00, 0x00, 0x00, 0x00, 0x00, 0x00, 0x00, 0x30, 0x0A, 0x00, 0x00,
    0x00, 0x00, 0x00, 0x00, 0x10, 0x00, 0x00, 0x00, 0x00, 0x00, 0x00, 0x00, 0x38, 0x0A, 0x00, 0x00,
    0x00, 0x00, 0x00, 0x00, 0x02, 0x00, 0x00, 0x00, 0x00, 0x00, 0x00, 0x00, 0x01, 0x00, 0x00, 0x00,
    0x00, 0x00, 0x00, 0x00, 0x07, 0x00, 0x00, 0x00, 0x00, 0x00, 0x00, 0x00, 0x00, 0x00, 0x00, 0x00,
    0x00, 0x00, 0x00, 0x00, 0x02, 0x00, 0x00, 0x00, 0x00, 0x00, 0x00, 0x00, 0x01, 0x00, 0x00, 0x00,
    0x00, 0x00, 0x00, 0x00, 0x0E, 0x00, 0x00, 0x00, 0x00, 0x00, 0x00, 0x00, 0x20, 0x0A, 0x00, 0x00,
    0x00, 0x00, 0x00, 0x00, 0x0E, 0x00, 0x00, 0x00, 0x00, 0x00, 0x00, 0x00, 0x14, 0x0A, 0x00, 0x00,
    0x00, 0x00, 0x00, 0x00, 0x10, 0x00, 0x00, 0x00, 0x00, 0x00, 0x00, 0x00, 0x10, 0x0A, 0x00, 0x00,
    0x00, 0x00, 0x00, 0x00, 0x44, 0x65, 0x66, 0x61, 0x75, 0x6C, 0x74, 0x00, 0x48, 0x0A, 0x00, 0x00,
    0x64, 0x0A, 0x00, 0x00, 0x80, 0x0A, 0x00, 0x00, 0xA4, 0x0A, 0x00, 0x00, 0xC0, 0x0A, 0x00, 0x00,
    0xDC, 0x0A, 0x00, 0x00, 0x00, 0x0B, 0x00, 0x00, 0x24, 0x0B, 0x00, 0x00, 0x48, 0x0B, 0x00, 0x00,
    0x6C, 0x0B, 0x00, 0x00, 0x88, 0x0B, 0x00, 0x00, 0xAC, 0x0B, 0x00, 0x00, 0xD0, 0x0B, 0x00, 0x00,
    0xF4, 0x0B, 0x00, 0x00, 0x18, 0x0C, 0x00, 0x00, 0x3C, 0x0C, 0x00, 0x00, 0x58, 0x0C, 0x00, 0x00,
    0x74, 0x0C, 0x00, 0x00, 0x90, 0x0C, 0x00, 0x00, 0xAC, 0x0C, 0x00, 0x00, 0xC8, 0x0C, 0x00, 0x00,
    0xE4, 0x0C, 0x00, 0x00, 0x00, 0x0D, 0x00, 0x00, 0x1C, 0x0D, 0x00, 0x00, 0x38, 0x0D, 0x00, 0x00,
    0x5C, 0x0D, 0x00, 0x00, 0x80, 0x0D, 0x00, 0x00, 0x8C, 0x0D, 0x00, 0x00, 0xA8, 0x0D, 0x00, 0x00,
    0xC4, 0x0D, 0x00, 0x00, 0xE0, 0x0D, 0x00, 0x00, 0xFC, 0x0D, 0x00, 0x00, 0x18, 0x0E, 0x00, 0x00,
    0x3C, 0x0E, 0x00, 0x00, 0x58, 0x0E, 0x00, 0x00, 0x7C, 0x0E, 0x00, 0x00, 0xA0, 0x0E, 0x00, 0x00,
    0xC4, 0x0E, 0x00, 0x00, 0xE8, 0x0E, 0x00, 0x00, 0x04, 0x0F, 0x00, 0x00, 0x20, 0x0F, 0x00, 0x00,
    0x3C, 0x0F, 0x00, 0x00, 0x58, 0x0F, 0x00, 0x00, 0x74, 0x0F, 0x00, 0x00, 0x94, 0x0F, 0x00, 0x00,
    0xB8, 0x0F, 0x00, 0x00, 0xDC, 0x0F, 0x00, 0x00, 0x00, 0x10, 0x00, 0x00, 0x24, 0x10, 0x00, 0x00,
    0x4C, 0x10, 0x00, 0x00, 0x58, 0x10, 0x00, 0x00, 0x64, 0x10, 0x00, 0x00, 0x70, 0x10, 0x00, 0x00,
    0x00, 0x00, 0x00, 0x00, 0x6C, 0x10, 0x00, 0x00, 0x88, 0x10, 0x00, 0x00, 0xA4, 0x10, 0x00, 0x00,
    0xC0, 0x10, 0x00, 0x00, 0xDC, 0x10, 0x00, 0x00, 0xFC, 0x10, 0x00, 0x00, 0x08, 0x11, 0x00, 0x00,
    0x24, 0x11, 0x00, 0x00, 0x40, 0x11, 0x00, 0x00, 0x5C, 0x11, 0x00, 0x00, 0x78, 0x11, 0x00, 0x00,
    0x94, 0x11, 0x00, 0x00, 0xB0, 0x11, 0x00, 0x00, 0xCC, 0x11, 0x00, 0x00, 0xE8, 0x11, 0x00, 0x00,
    0x04, 0x12, 0x00, 0x00, 0x28, 0x12, 0x00, 0x00, 0x4C, 0x12, 0x00, 0x00, 0x70, 0x12, 0x00, 0x00,
    0x94, 0x12, 0x00, 0x00, 0xB8, 0x12, 0x00, 0x00, 0xDC, 0x12, 0x00, 0x00, 0x00, 0x13, 0x00, 0x00,
    0x24, 0x13, 0x00, 0x00, 0x40, 0x13, 0x00, 0x00, 0x64, 0x13, 0x00, 0x00, 0x88, 0x13, 0x00, 0x00,
    0xA4, 0x13, 0x00, 0x00, 0xC8, 0x13, 0x00, 0x00, 0xEC, 0x13, 0x00, 0x00, 0x10, 0x14, 0x00, 0x00,
    0x34, 0x14, 0x00, 0x00, 0x50, 0x14, 0x00, 0x00, 0x74, 0x14, 0x00, 0x00, 0x98, 0x14, 0x00, 0x00,
    0xBC, 0x14, 0x00, 0x00, 0xE0, 0x14, 0x00, 0x00, 0x04, 0x15, 0x00, 0x00, 0x28, 0x15, 0x00, 0x00,
    0x4C, 0x15, 0x00, 0x00, 0x70, 0x15, 0x00, 0x00, 0x94, 0x15, 0x00, 0x00, 0xB0, 0x15, 0x00, 0x00,
    0xCC, 0x15, 0x00, 0x00, 0xE8, 0x15, 0x00, 0x00, 0x04, 0x16, 0x00, 0x00, 0x20, 0x16, 0x00, 0x00,
    0x3C, 0x16, 0x00, 0x00, 0x58, 0x16, 0x00, 0x00, 0x00, 0x00, 0x00, 0x00, 0x60, 0x16, 0x00, 0x00,
    0x84, 0x16, 0x00, 0x00, 0xA0, 0x16, 0x00, 0x00, 0xC4, 0x16, 0x00, 0x00, 0xE8, 0x16, 0x00, 0x00,
    0x0C, 0x17, 0x00, 0x00, 0x30, 0x17, 0x00, 0x00, 0x54, 0x17, 0x00, 0x00, 0x78, 0x17, 0x00, 0x00,
    0x9C, 0x17, 0x00, 0x00, 0xC0, 0x17, 0x00, 0x00, 0xE4, 0x17, 0x00, 0x00, 0x08, 0x18, 0x00, 0x00,
    0x2C, 0x18, 0x00, 0x00, 0x50, 0x18, 0x00, 0x00, 0x74, 0x18, 0x00, 0x00, 0x98, 0x18, 0x00, 0x00,
    0xA4, 0x18, 0x00, 0x00, 0xC0, 0x18, 0x00, 0x00, 0xDC, 0x18, 0x00, 0x00, 0xF8, 0x18, 0x00, 0x00,
    0x1C, 0x19, 0x00, 0x00, 0x28, 0x19, 0x00, 0x00, 0x34, 0x19, 0x00, 0x00, 0x00, 0x00, 0x00, 0x00,
    0x30, 0x19, 0x00, 0x00, 0x4C, 0x19, 0x00, 0x00, 0x68, 0x19, 0x00, 0x00, 0x84, 0x19, 0x00, 0x00,
    0xA0, 0x19, 0x00, 0x00, 0xBC, 0x19, 0x00, 0x00, 0xD8, 0x19, 0x00, 0x00, 0xF4, 0x19, 0x00, 0x00,
    0x10, 0x1A, 0x00, 0x00, 0x34, 0x1A, 0x00, 0x00, 0x58, 0x1A, 0x00, 0x00, 0x7C, 0x1A, 0x00, 0x00,
    0xA0, 0x1A, 0x00, 0x00, 0xC4, 0x1A, 0x00, 0x00, 0xE8, 0x1A, 0x00, 0x00, 0x0C, 0x1B, 0x00, 0x00,
    0x34, 0x1B, 0x00, 0x00, 0x40, 0x1B, 0x00, 0x00, 0x5C, 0x1B, 0x00, 0x00, 0x78, 0x1B, 0x00, 0x00,
    0x94, 0x1B, 0x00, 0x00, 0xB0, 0x1B, 0x00, 0x00, 0xCC, 0x1B, 0x00, 0x00, 0xE8, 0x1B, 0x00, 0x00,
    0x04, 0x1C, 0x00, 0x00, 0x20, 0x1C, 0x00, 0x00, 0x3C, 0x1C, 0x00, 0x00, 0x58, 0x1C, 0x00, 0x00,
    0x74, 0x1C, 0x00, 0x00, 0x90, 0x1C, 0x00, 0x00, 0xAC, 0x1C, 0x00, 0x00, 0xC8, 0x1C, 0x00, 0x00,
    0xE4, 0x1C, 0x00, 0x00, 0x00, 0x1D, 0x00, 0x00, 0x1C, 0x1D, 0x00, 0x00, 0x38, 0x1D, 0x00, 0x00,
    0x54, 0x1D, 0x00, 0x00, 0x70, 0x1D, 0x00, 0x00, 0x8C, 0x1D, 0x00, 0x00, 0xA8, 0x1D, 0x00, 0x00,
    0xC4, 0x1D, 0x00, 0x00, 0xE0, 0x1D, 0x00, 0x00, 0x04, 0x1E, 0x00, 0x00, 0x10, 0x1E, 0x00, 0x00,
    0x2C, 0x1E, 0x00, 0x00, 0x48, 0x1E, 0x00, 0x00, 0x64, 0x1E, 0x00, 0x00, 0x80, 0x1E, 0x00, 0x00,
    0x9C, 0x1E, 0x00, 0x00, 0xB8, 0x1E, 0x00, 0x00, 0xD4, 0x1E, 0x00, 0x00, 0xF0, 0x1E, 0x00, 0x00,
    0x0C, 0x1F, 0x00, 0x00, 0x28, 0x1F, 0x00, 0x00, 0x44, 0x1F, 0x00, 0x00, 0x60, 0x1F, 0x00, 0x00,
    0x7C, 0x1F, 0x00, 0x00, 0x98, 0x1F, 0x00, 0x00, 0xB4, 0x1F, 0x00, 0x00, 0xD0, 0x1F, 0x00, 0x00,
    0xEC, 0x1F, 0x00, 0x00, 0x08, 0x20, 0x00, 0x00, 0x24, 0x20, 0x00, 0x00, 0x40, 0x20, 0x00, 0x00,
    0x5C, 0x20, 0x00, 0x00, 0x78, 0x20, 0x00, 0x00, 0x94, 0x20, 0x00, 0x00, 0xB0, 0x20, 0x00, 0x00,
    0xCC, 0x20, 0x00, 0x00, 0xE8, 0x20, 0x00, 0x00, 0x04, 0x21, 0x00, 0x00, 0x20, 0x21, 0x00, 0x00,
    0x3C, 0x21, 0x00, 0x00, 0x60, 0x21, 0x00, 0x00, 0x84, 0x21, 0x00, 0x00, 0xA8, 0x21, 0x00, 0x00,
    0xCC, 0x21, 0x00, 0x00, 0xD8, 0x21, 0x00, 0x00, 0xF4, 0x21, 0x00, 0x00, 0x10, 0x22, 0x00, 0x00,
    0x2C, 0x22, 0x00, 0x00, 0x48, 0x22, 0x00, 0x00, 0x64, 0x22, 0x00, 0x00, 0x80, 0x22, 0x00, 0x00,
    0x9C, 0x22, 0x00, 0x00, 0xB8, 0x22, 0x00, 0x00, 0xDC, 0x22, 0x00, 0x00, 0x00, 0x23, 0x00, 0x00,
    0x24, 0x23, 0x00, 0x00, 0x48, 0x23, 0x00, 0x00, 0x6C, 0x23, 0x00, 0x00, 0x90, 0x23, 0x00, 0x00,
    0xB4, 0x23, 0x00, 0x00, 0xD8, 0x23, 0x00, 0x00, 0xFC, 0x23, 0x00, 0x00, 0x20, 0x24, 0x00, 0x00,
    0x44, 0x24, 0x00, 0x00, 0x60, 0x24, 0x00, 0x00, 0x80, 0x24, 0x00, 0x00, 0xA0, 0x24, 0x00, 0x00,
    0xC0, 0x24, 0x00, 0x00, 0xE4, 0x24, 0x00, 0x00, 0x0C, 0x25, 0x00, 0x00, 0x00, 0x00, 0x00, 0x00,
    0x14, 0x25, 0x00, 0x00, 0x30, 0x25, 0x00, 0x00, 0x4C, 0x25, 0x00, 0x00, 0x68, 0x25, 0x00, 0x00,
    0x84, 0x25, 0x00, 0x00, 0xA0, 0x25, 0x00, 0x00, 0xC4, 0x25, 0x00, 0x00, 0xE8, 0x25, 0x00, 0x00,
    0x0C, 0x26, 0x00, 0x00, 0x30, 0x26, 0x00, 0x00, 0x54, 0x26, 0x00, 0x00, 0x78, 0x26, 0x00, 0x00,
    0x9C, 0x26, 0x00, 0x00, 0xC0, 0x26, 0x00, 0x00, 0xE4, 0x26, 0x00, 0x00, 0x08, 0x27, 0x00, 0x00,
    0x2C, 0x27, 0x00, 0x00, 0x48, 0x27, 0x00, 0x00, 0x68, 0x27, 0x00, 0x00, 0x88, 0x27, 0x00, 0x00,
    0x94, 0x27, 0x00, 0x00, 0x00, 0x00, 0x00, 0x00, 0x9C, 0x27, 0x00, 0x00, 0xB8, 0x27, 0x00, 0x00,
    0xD4, 0x27, 0x00, 0x00, 0xF0, 0x27, 0x00, 0x00, 0x00, 0x00, 0x00, 0x00, 0xF8, 0x27, 0x00, 0x00,
    0x14, 0x28, 0x00, 0x00, 0x30, 0x28, 0x00, 0x00, 0x4C, 0x28, 0x00, 0x00, 0x68, 0x28, 0x00, 0x00,
    0x8C, 0x28, 0x00, 0x00, 0xB0, 0x28, 0x00, 0x00, 0x00, 0x00, 0x00, 0x00, 0xB8, 0x28, 0x00, 0x00,
    0xDC, 0x28, 0x00, 0x00, 0xF8, 0x28, 0x00, 0x00, 0x14, 0x29, 0x00, 0x00, 0x38, 0x29, 0x00, 0x00,
    0x5C, 0x29, 0x00, 0x00, 0x78, 0x29, 0x00, 0x00, 0x94, 0x29, 0x00, 0x00, 0xB0, 0x29, 0x00, 0x00,
    0xCC, 0x29, 0x00, 0x00, 0xE8, 0x29, 0x00, 0x00, 0x0C, 0x2A, 0x00, 0x00, 0x18, 0x2A, 0x00, 0x00,
    0x00, 0x00, 0x00, 0x00, 0x20, 0x2A, 0x00, 0x00, 0x3C, 0x2A, 0x00, 0x00, 0x58, 0x2A, 0x00, 0x00,
    0x74, 0x2A, 0x00, 0x00, 0x90, 0x2A, 0x00, 0x00, 0xAC, 0x2A, 0x00, 0x00, 0xD0, 0x2A, 0x00, 0x00,
    0xDC, 0x2A, 0x00, 0x00, 0x00, 0x00, 0x00, 0x00, 0xE4, 0x2A, 0x00, 0x00, 0x00, 0x2B, 0x00, 0x00,
    0x1C, 0x2B, 0x00, 0x00, 0x38, 0x2B, 0x00, 0x00, 0x54, 0x2B, 0x00, 0x00, 0x70, 0x2B, 0x00, 0x00,
    0x8C, 0x2B, 0x00, 0x00, 0xA8, 0x2B, 0x00, 0x00, 0x00, 0x00, 0x00, 0x00, 0xB0, 0x2B, 0x00, 0x00,
    0xCC, 0x2B, 0x00, 0x00, 0xE8, 0x2B, 0x00, 0x00, 0x04, 0x2C, 0x00, 0x00, 0x00, 0x00, 0x00, 0x00,
    0x0C, 0x2C, 0x00, 0x00, 0x28, 0x2C, 0x00, 0x00, 0x44, 0x2C, 0x00, 0x00, 0x60, 0x2C, 0x00, 0x00,
    0x84, 0x2C, 0x00, 0x00, 0x00, 0x00, 0x00, 0x00, 0x00, 0x00, 0x00, 0x00, 0x0A, 0x00, 0x00, 0x00,
    0x00, 0x40, 0x01, 0x00, 0x10, 0x00, 0x00, 0x00, 0x00, 0x00, 0x00, 0x00, 0x78, 0x2C, 0x00, 0x00,
    0x00, 0x00, 0x00, 0x00, 0x10, 0x00, 0x00, 0x00, 0x00, 0x00, 0x00, 0x00, 0xC0, 0x2C, 0x00, 0x00,
    0x00, 0x00, 0x00, 0x00, 0x10, 0x00, 0x00, 0x00, 0x00, 0x00, 0x00, 0x00, 0x08, 0x2D, 0x00, 0x00,
    0x00, 0x00, 0x00, 0x00, 0x10, 0x00, 0x00, 0x00, 0x00, 0x00, 0x00, 0x00, 0x50, 0x2D, 0x00, 0x00,
    0x00, 0x00, 0x00, 0x00, 0x10, 0x00, 0x00, 0x00, 0x00, 0x00, 0x00, 0x00, 0x98, 0x2D, 0x00, 0x00,
    0x00, 0x00, 0x00, 0x00, 0x10, 0x00, 0x00, 0x00, 0x00, 0x00, 0x00, 0x00, 0xE0, 0x2D, 0x00, 0x00,
    0x00, 0x00, 0x00, 0x00, 0x10, 0x00, 0x00, 0x00, 0x00, 0x00, 0x00, 0x00, 0x28, 0x2E, 0x00, 0x00,
    0x00, 0x00, 0x00, 0x00, 0x10, 0x00, 0x00, 0x00, 0x00, 0x00, 0x00, 0x00, 0x70, 0x2E, 0x00, 0x00,
    0x00, 0x00, 0x00, 0x00, 0x10, 0x00, 0x00, 0x00, 0x00, 0x00, 0x00, 0x00, 0xB8, 0x2E, 0x00, 0x00,
    0x00, 0x00, 0x00, 0x00, 0x10, 0x00, 0x00, 0x00, 0x00, 0x00, 0x00, 0x00, 0x00, 0x2F, 0x00, 0x00,
    0x00, 0x00, 0x00, 0x00, 0x0F, 0x00, 0x00, 0x00, 0x01, 0x40, 0x01, 0x00, 0x10, 0x00, 0x00, 0x00,
    0x00, 0x00, 0x00, 0x00, 0x40, 0x2F, 0x00, 0x00, 0x00, 0x00, 0x00, 0x00, 0x10, 0x00, 0x00, 0x00,
    0x00, 0x00, 0x00, 0x00, 0x98, 0x2F, 0x00, 0x00, 0x00, 0x00, 0x00, 0x00, 0x10, 0x00, 0x00, 0x00,
    0x00, 0x00, 0x00, 0x00, 0xF0, 0x2F, 0x00, 0x00, 0x00, 0x00, 0x00, 0x00, 0x10, 0x00, 0x00, 0x00,
    0x00, 0x00, 0x00, 0x00, 0x48, 0x30, 0x00, 0x00, 0x00, 0x00, 0x00, 0x00, 0x10, 0x00, 0x00, 0x00,
    0x00, 0x00, 0x00, 0x00, 0xA0, 0x30, 0x00, 0x00, 0x00, 0x00, 0x00, 0x00, 0x10, 0x00, 0x00, 0x00,
    0x00, 0x00, 0x00, 0x00, 0xF8, 0x30, 0x00, 0x00, 0x00, 0x00, 0x00, 0x00, 0x10, 0x00, 0x00, 0x00,
    0x00, 0x00, 0x00, 0x00, 0x50, 0x31, 0x00, 0x00, 0x00, 0x00, 0x00, 0x00, 0x10, 0x00, 0x00, 0x00,
    0x00, 0x00, 0x00, 0x00, 0xA8, 0x31, 0x00, 0x00, 0x00, 0x00, 0x00, 0x00, 0x10, 0x00, 0x00, 0x00,
    0x00, 0x00, 0x00, 0x00, 0x00, 0x32, 0x00, 0x00, 0x00, 0x00, 0x00, 0x00, 0x10, 0x00, 0x00, 0x00,
    0x00, 0x00, 0x00, 0x00, 0x58, 0x32, 0x00, 0x00, 0x00, 0x00, 0x00, 0x00, 0x10, 0x00, 0x00, 0x00,
    0x00, 0x00, 0x00, 0x00, 0xB0, 0x32, 0x00, 0x00, 0x00, 0x00, 0x00, 0x00, 0x10, 0x00, 0x00, 0x00,
    0x00, 0x00, 0x00, 0x00, 0x08, 0x33, 0x00, 0x00, 0x00, 0x00, 0x00, 0x00, 0x10, 0x00, 0x00, 0x00,
    0x00, 0x00, 0x00, 0x00, 0x60, 0x33, 0x00, 0x00, 0x00, 0x00, 0x00, 0x00, 0x10, 0x00, 0x00, 0x00,
    0x00, 0x00, 0x00, 0x00, 0xB8, 0x33, 0x00, 0x00, 0x00, 0x00, 0x00, 0x00, 0x10, 0x00, 0x00, 0x00,
    0x00, 0x00, 0x00, 0x00, 0x10, 0x34, 0x00, 0x00, 0x00, 0x00, 0x00, 0x00, 0xE6, 0x9C, 0xAA, 0xE7,
    0x9F, 0xA5, 0x00, 0x00, 0xE6, 0xB0, 0xB4, 0xE6, 0xB8, 0xA9, 0x00, 0x00, 0xE5, 0x92, 0x98, 0xE5,
    0x92, 0x98, 0xE6, 0x99, 0xBA, 0xE8, 0x83, 0xBD, 0xE9, 0xB1, 0xBC, 0xE7, 0xBC, 0xB8, 0xE7, 0x9B,
    0x91, 0xE6, 0xB5, 0x8B, 0x00, 0x00, 0x00, 0x00, 0xE8, 0xAE, 0xBE, 0xE5, 0xA4, 0x87, 0xE5, 0x90,
    0x8D, 0xE7, 0xA7, 0xB0, 0xEF, 0xBC, 0x9A, 0x00, 0x31, 0x2E, 0x30, 0x00, 0xE8, 0xAE, 0xBE, 0xE5,
    0xA4, 0x87, 0xE7, 0x89, 0x88, 0xE6, 0x9C, 0xAC, 0xEF, 0xBC, 0x9A, 0x00, 0xE5, 0x9F, 0xBA, 0xE7,
    0xA1, 0x80, 0xE8, 0xAE, 0xBE, 0xE7, 0xBD, 0xAE, 0x00, 0x00, 0x00, 0x00, 0xE8, 0xAE, 0xBE, 0xE5,
    0xA4, 0x87, 0x49, 0x44, 0xEF, 0xBC, 0x9A, 0x00, 0x00, 0x00, 0x00, 0x00, 0x31, 0x2E, 0x30, 0x00,
    0xE5, 0x9B, 0xBA, 0xE4, 0xBB, 0xB6, 0xE7, 0x89, 0x88, 0xE6, 0x9C, 0xAC, 0xEF, 0xBC, 0x9A, 0x00,
    0x4F, 0x54, 0x41, 0xE5, 0x8D, 0x87, 0xE7, 0xBA, 0xA7, 0xEF, 0xBC, 0x9A, 0x00, 0x00, 0x00, 0x00,
    0xE6, 0x95, 0xB0, 0xE6, 0x8D, 0xAE, 0xE5, 0xAD, 0x98, 0xE5, 0x82, 0xA8, 0x00, 0x00, 0x00, 0x00,
    0xE7, 0xBD, 0x91, 0xE7, 0xBB, 0x9C, 0xE9, 0x80, 0x9A, 0xE8, 0xAE, 0xAF, 0x00, 0x00, 0x00, 0x00,
    0xE6, 0x98, 0xBE, 0xE7, 0xA4, 0xBA, 0x00, 0x00, 0xE5, 0x85, 0xB3, 0xE9, 0x97, 0xAD, 0x00, 0x00,
    0xE6, 0x9C, 0xAA, 0xE8, 0xBF, 0x9E, 0xE6, 0x8E, 0xA5, 0x00, 0x00, 0x00, 0xE8, 0x93, 0x9D, 0xE7,
    0x89, 0x99, 0x00, 0x00, 0xE8, 0xBF, 0x94, 0xE5, 0x9B, 0x9E, 0x00, 0x00, 0xE4, 0xBF, 0x9D, 0xE5,
    0xAD, 0x98, 0xE5, 0x91, 0xA8, 0xE6, 0x9C, 0x9F, 0x00, 0x00, 0x00, 0x00, 0xE5, 0xB1, 0x8F, 0xE5,
    0xB9, 0x95, 0xE4, 0xBA, 0xAE, 0xE5, 0xBA, 0xA6, 0x00, 0x00, 0x00, 0x00, 0xE8, 0x87, 0xAA, 0xE5,
    0x8A, 0xA8, 0xE4, 0xBA, 0xAE, 0xE5, 0xBA, 0xA6, 0x00, 0x00, 0x00, 0x00, 0x0A, 0x00, 0x00, 0x00,
    0x02, 0x40, 0x01, 0x00, 0x10, 0x00, 0x00, 0x00, 0x00, 0x00, 0x00, 0x00, 0x50, 0x33, 0x00, 0x00,
    0x00, 0x00, 0x00, 0x00, 0x10, 0x00, 0x00, 0x00, 0x00, 0x00, 0x00, 0x00, 0x88, 0x33, 0x00, 0x00,
    0x00, 0x00, 0x00, 0x00, 0x10, 0x00, 0x00, 0x00, 0x00, 0x00, 0x00, 0x00, 0xC0, 0x33, 0x00, 0x00,
    0x00, 0x00, 0x00, 0x00, 0x10, 0x00, 0x00, 0x00, 0x00, 0x00, 0x00, 0x00, 0xF8, 0x33, 0x00, 0x00,
    0x00, 0x00, 0x00, 0x00, 0x10, 0x00, 0x00, 0x00, 0x00, 0x00, 0x00, 0x00, 0x30, 0x34, 0x00, 0x00,
    0x00, 0x00, 0x00, 0x00, 0x10, 0x00, 0x00, 0x00, 0x00, 0x00, 0x00, 0x00, 0x68, 0x34, 0x00, 0x00,
    0x00, 0x00, 0x00, 0x00, 0x10, 0x00, 0x00, 0x00, 0x00, 0x00, 0x00, 0x00, 0xA0, 0x34, 0x00, 0x00,
    0x00, 0x00, 0x00, 0x00, 0x10, 0x00, 0x00, 0x00, 0x00, 0x00, 0x00, 0x00, 0xD8, 0x34, 0x00, 0x00,
    0x00, 0x00, 0x00, 0x00, 0x10, 0x00, 0x00, 0x00, 0x00, 0x00, 0x00, 0x00, 0x10, 0x35, 0x00, 0x00,
    0x00, 0x00, 0x00, 0x00, 0x10, 0x00, 0x00, 0x00, 0x00, 0x00, 0x00, 0x00, 0x48, 0x35, 0x00, 0x00,
    0x00, 0x00, 0x00, 0x00, 0x04, 0x00, 0x00, 0x00, 0x02, 0x40, 0x00, 0x00, 0x0E, 0x00, 0x00, 0x00,
    0x00, 0x00, 0x00, 0x00, 0x78, 0x35, 0x00, 0x00, 0x00, 0x00, 0x00, 0x00, 0x07, 0x00, 0x00, 0x00,
    0x00, 0x00, 0x00, 0x00, 0x00, 0x00, 0x00, 0x00, 0x00, 0x00, 0x00, 0x00, 0x07, 0x00, 0x00, 0x00,
    0x00, 0x00, 0x00, 0x00, 0x00, 0x00, 0x00, 0x00, 0x00, 0x00, 0x00, 0x00, 0x02, 0x00, 0x00, 0x00,
    0x00, 0x00, 0x00, 0x00, 0x00, 0x00, 0x00, 0x00, 0x00, 0x00, 0x00, 0x00, 0x0A, 0x00, 0x00, 0x00,
    0x03, 0x40, 0x01, 0x00, 0x10, 0x00, 0x00, 0x00, 0x00, 0x00, 0x00, 0x00, 0x38, 0x35, 0x00, 0x00,
    0x00, 0x00, 0x00, 0x00, 0x10, 0x00, 0x00, 0x00, 0x00, 0x00, 0x00, 0x00, 0x60, 0x35, 0x00, 0x00,
    0x00, 0x00, 0x00, 0x00, 0x10, 0x00, 0x00, 0x00, 0x00, 0x00, 0x00, 0x00, 0x88, 0x35, 0x00, 0x00,
    0x00, 0x00, 0x00, 0x00, 0x10, 0x00, 0x00, 0x00, 0x00, 0x00, 0x00, 0x00, 0xB0, 0x35, 0x00, 0x00,
    0x00, 0x00, 0x00, 0x00, 0x10, 0x00, 0x00, 0x00, 0x00, 0x00, 0x00, 0x00, 0xD8, 0x35, 0x00, 0x00,
    0x00, 0x00, 0x00, 0x00, 0x10, 0x00, 0x00, 0x00, 0x00, 0x00, 0x00, 0x00, 0x00, 0x36, 0x00, 0x00,
    0x00, 0x00, 0x00, 0x00, 0x10, 0x00, 0x00, 0x00, 0x00, 0x00, 0x00, 0x00, 0x28, 0x36, 0x00, 0x00,
    0x00, 0x00, 0x00, 0x00, 0x10, 0x00, 0x00, 0x00, 0x00, 0x00, 0x00, 0x00, 0x50, 0x36, 0x00, 0x00,
    0x00, 0x00, 0x00, 0x00, 0x10, 0x00, 0x00, 0x00, 0x00, 0x00, 0x00, 0x00, 0x78, 0x36, 0x00, 0x00,
    0x00, 0x00, 0x00, 0x00, 0x10, 0x00, 0x00, 0x00, 0x00, 0x00, 0x00, 0x00, 0xA0, 0x36, 0x00, 0x00,
    0x00, 0x00, 0x00, 0x00, 0x08, 0x00, 0x00, 0x00, 0x04, 0x40, 0x01, 0x00, 0x10, 0x00, 0x00, 0x00,
    0x00, 0x00, 0x00, 0x00, 0xC0, 0x36, 0x00, 0x00, 0x00, 0x00, 0x00, 0x00, 0x10, 0x00, 0x00, 0x00,
    0x00, 0x00, 0x00, 0x00, 0x18, 0x37, 0x00, 0x00, 0x00, 0x00, 0x00, 0x00, 0x10, 0x00, 0x00, 0x00,
    0x00, 0x00, 0x00, 0x00, 0x70, 0x37, 0x00, 0x00, 0x00, 0x00, 0x00, 0x00, 0x10, 0x00, 0x00, 0x00,
    0x00, 0x00, 0x00, 0x00, 0xC8, 0x37, 0x00, 0x00, 0x00, 0x00, 0x00, 0x00, 0x10, 0x00, 0x00, 0x00,
    0x00, 0x00, 0x00, 0x00, 0x20, 0x38, 0x00, 0x00, 0x00, 0x00, 0x00, 0x00, 0x10, 0x00, 0x00, 0x00,
    0x00, 0x00, 0x00, 0x00, 0x78, 0x38, 0x00, 0x00, 0x00, 0x00, 0x00, 0x00, 0x10, 0x00, 0x00, 0x00,
    0x00, 0x00, 0x00, 0x00, 0xD0, 0x38, 0x00, 0x00, 0x00, 0x00, 0x00, 0x00, 0x10, 0x00, 0x00, 0x00,
    0x00, 0x00, 0x00, 0x00, 0x28, 0x39, 0x00, 0x00, 0x00, 0x00, 0x00, 0x00, 0x01, 0x00, 0x00, 0x00,
    0x05, 0x40, 0x01, 0x00, 0x10, 0x00, 0x00, 0x00, 0x00, 0x00, 0x00, 0x00, 0x78, 0x39, 0x00, 0x00,
    0x00, 0x00, 0x00, 0x00, 0x02, 0x00, 0x00, 0x00, 0x06, 0x40, 0x01, 0x00, 0x10, 0x00, 0x00, 0x00,
    0x00, 0x00, 0x00, 0x00, 0x88, 0x39, 0x00, 0x00, 0x00, 0x00, 0x00, 0x00, 0x10, 0x00, 0x00, 0x00,
    0x00, 0x00, 0x00, 0x00, 0xA0, 0x39, 0x00, 0x00, 0x00, 0x00, 0x00, 0x00, 0x00, 0x00, 0x00, 0x00,
    0xE6, 0x9C, 0xAA, 0xE5, 0x90, 0xAF, 0xE7, 0x94, 0xA8, 0x00, 0x00, 0x00, 0x04, 0x00, 0x00, 0x00,
    0x02, 0x40, 0x00, 0x00, 0x0E, 0x00, 0x00, 0x00, 0x00, 0x00, 0x00, 0x00, 0xA0, 0x39, 0x00, 0x00,
    0x00, 0x00, 0x00, 0x00, 0x07, 0x00, 0x00, 0x00, 0x00, 0x00, 0x00, 0x00, 0x00, 0x00, 0x00, 0x00,
    0x00, 0x00, 0x00, 0x00, 0x07, 0x00, 0x00, 0x00, 0x00, 0x00, 0x00, 0x00, 0x00, 0x00, 0x00, 0x00,
    0x00, 0x00, 0x00, 0x00, 0x02, 0x00, 0x00, 0x00, 0x00, 0x00, 0x00, 0x00, 0x00, 0x00, 0x00, 0x00,
    0x00, 0x00, 0x00, 0x00, 0x30, 0x75, 0x00, 0x00, 0x00, 0x00, 0x00, 0x00, 0x00, 0x00, 0x00, 0x00,
    0x03, 0x00, 0x00, 0x00, 0x5C, 0x39, 0x00, 0x00, 0x00, 0x00, 0x00, 0x00, 0x00, 0x00, 0x00, 0x00,
    0xFF, 0xFF, 0x00, 0x00, 0x31, 0x75, 0x00, 0x00, 0x00, 0x00, 0x00, 0x00, 0x00, 0x00, 0x00, 0x00,
    0x03, 0x00, 0x00, 0x00, 0x48, 0x39, 0x00, 0x00, 0x00, 0x00, 0x00, 0x00, 0x00, 0x00, 0x00, 0x00,
    0xFF, 0xFF, 0x00, 0x00, 0x09, 0x04, 0x00, 0x00, 0x00, 0x00, 0x00, 0x00, 0x00, 0x00, 0x00, 0x00,
    0x07, 0x00, 0x00, 0x00, 0x34, 0x39, 0x00, 0x00, 0x00, 0x00, 0x00, 0x00, 0x00, 0x00, 0x00, 0x00,
    0xFF, 0xFF, 0x00, 0x00, 0x1A, 0x00, 0x01, 0x00, 0x06, 0x00, 0x00, 0x00, 0x30, 0x75, 0x00, 0x00,
    0x00, 0x00, 0x00, 0x00, 0x00, 0x00, 0x00, 0x00, 0x03, 0x00, 0x00, 0x00, 0x28, 0x39, 0x00, 0x00,
    0x00, 0x00, 0x00, 0x00, 0x00, 0x00, 0x00, 0x00, 0xFF, 0xFF, 0x00, 0x00, 0x30, 0x75, 0x00, 0x00,
    0x00, 0x00, 0x00, 0x00, 0x00, 0x00, 0x00, 0x00, 0x03, 0x00, 0x00, 0x00, 0x14, 0x39, 0x00, 0x00,
    0x00, 0x00, 0x00, 0x00, 0x00, 0x00, 0x00, 0x00, 0xFF, 0xFF, 0x00, 0x00, 0x09, 0x04, 0x00, 0x00,
    0x00, 0x00, 0x00, 0x00, 0x00, 0x00, 0x00, 0x00, 0x0A, 0x00, 0x00, 0x00, 0x00, 0x39, 0x00, 0x00,
    0x00, 0x00, 0x00, 0x00, 0x00, 0x00, 0x00, 0x00, 0xFF, 0xFF, 0x00, 0x00, 0x05, 0x00, 0x01, 0x00,
    0x0F, 0x00, 0x00, 0x00, 0x09, 0x04, 0x00, 0x00, 0x00, 0x00, 0x00, 0x00, 0x00, 0x00, 0x00, 0x00,
    0x0A, 0x00, 0x00, 0x00, 0x00, 0x39, 0x00, 0x00, 0x00, 0x00, 0x00, 0x00, 0x00, 0x00, 0x00, 0x00,
    0xFF, 0xFF, 0x00, 0x00, 0x05, 0x00, 0x01, 0x00, 0x13, 0x00, 0x00, 0x00, 0x09, 0x04, 0x00, 0x00,
    0x00, 0x00, 0x00, 0x00, 0x00, 0x00, 0x00, 0x00, 0x0A, 0x00, 0x00, 0x00, 0x00, 0x39, 0x00, 0x00,
    0x00, 0x00, 0x00, 0x00, 0x00, 0x00, 0x00, 0x00, 0xFF, 0xFF, 0x00, 0x00, 0x05, 0x00, 0x01, 0x00,
    0x17, 0x00, 0x00, 0x00, 0x09, 0x04, 0x00, 0x00, 0x00, 0x00, 0x00, 0x00, 0x00, 0x00, 0x00, 0x00,
    0x0A, 0x00, 0x00, 0x00, 0x00, 0x39, 0x00, 0x00, 0x00, 0x00, 0x00, 0x00, 0x00, 0x00, 0x00, 0x00,
    0xFF, 0xFF, 0x00, 0x00, 0x05, 0x00, 0x01, 0x00, 0x1B, 0x00, 0x00, 0x00, 0x30, 0x75, 0x00, 0x00,
    0x00, 0x00, 0x00, 0x00, 0x00, 0x00, 0x00, 0x00, 0x03, 0x00, 0x00, 0x00, 0x00, 0x39, 0x00, 0x00,
    0x00, 0x00, 0x00, 0x00, 0x00, 0x00, 0x00, 0x00, 0xFF, 0xFF, 0x00, 0x00, 0x09, 0x04, 0x00, 0x00,
    0x00, 0x00, 0x00, 0x00, 0x00, 0x00, 0x00, 0x00, 0x07, 0x00, 0x00, 0x00, 0xEC, 0x38, 0x00, 0x00,
    0x00, 0x00, 0x00, 0x00, 0x00, 0x00, 0x00, 0x00, 0xFF, 0xFF, 0x00, 0x00, 0x0A, 0x00, 0x01, 0x00,
    0x1F, 0x00, 0x00, 0x00, 0x09, 0x04, 0x00, 0x00, 0x00, 0x00, 0x00, 0x00, 0x00, 0x00, 0x00, 0x00,
    0x07, 0x00, 0x00, 0x00, 0xE0, 0x38, 0x00, 0x00, 0x00, 0x00, 0x00, 0x00, 0x00, 0x00, 0x00, 0x00,
    0xFF, 0xFF, 0x00, 0x00, 0x0B, 0x00, 0x01, 0x00, 0x3B, 0x00, 0x00, 0x00, 0x09, 0x04, 0x00, 0x00,
    0x00, 0x00, 0x00, 0x00, 0x00, 0x00, 0x00, 0x00, 0x07, 0x00, 0x00, 0x00, 0xD4, 0x38, 0x00, 0x00,
    0x00, 0x00, 0x00, 0x00, 0x00, 0x00, 0x00, 0x00, 0xFF, 0xFF, 0x00, 0x00, 0x0D, 0x00, 0x01, 0x00,
    0x5B, 0x00, 0x00, 0x00, 0x09, 0x04, 0x00, 0x00, 0x00, 0x00, 0x00, 0x00, 0x00, 0x00, 0x00, 0x00,
    0x07, 0x00, 0x00, 0x00, 0xC8, 0x38, 0x00, 0x00, 0x00, 0x00, 0x00, 0x00, 0x00, 0x00, 0x00, 0x00,
    0xFF, 0xFF, 0x00, 0x00, 0x0F, 0x00, 0x01, 0x00, 0x8A, 0x00, 0x00, 0x00, 0x09, 0x04, 0x00, 0x00,
    0x00, 0x00, 0x00, 0x00, 0x00, 0x00, 0x00, 0x00, 0x07, 0x00, 0x00, 0x00, 0xBC, 0x38, 0x00, 0x00,
    0x00, 0x00, 0x00, 0x00, 0x00, 0x00, 0x00, 0x00, 0xFF, 0xFF, 0x00, 0x00, 0x11, 0x00, 0x01, 0x00,
    0x07, 0x01, 0x00, 0x00, 0x30, 0x75, 0x00, 0x00, 0x00, 0x00, 0x00, 0x00, 0x00, 0x00, 0x00, 0x00,
    0x03, 0x00, 0x00, 0x00, 0xB0, 0x38, 0x00, 0x00, 0x00, 0x00, 0x00, 0x00, 0x00, 0x00, 0x00, 0x00,
    0xFF, 0xFF, 0x00, 0x00, 0x31, 0x75, 0x00, 0x00, 0x00, 0x00, 0x00, 0x00, 0x00, 0x00, 0x00, 0x00,
    0x03, 0x00, 0x00, 0x00, 0x9C, 0x38, 0x00, 0x00, 0x00, 0x00, 0x00, 0x00, 0x00, 0x00, 0x00, 0x00,
    0xFF, 0xFF, 0x00, 0x00, 0x30, 0x75, 0x00, 0x00, 0x00, 0x00, 0x00, 0x00, 0x00, 0x00, 0x00, 0x00,
    0x03, 0x00, 0x00, 0x00, 0x88, 0x38, 0x00, 0x00, 0x00, 0x00, 0x00, 0x00, 0x00, 0x00, 0x00, 0x00,
    0xFF, 0xFF, 0x00, 0x00, 0x30, 0x75, 0x00, 0x00, 0x00, 0x00, 0x00, 0x00, 0x00, 0x00, 0x00, 0x00,
    0x03, 0x00, 0x00, 0x00, 0x74, 0x38, 0x00, 0x00, 0x00, 0x00, 0x00, 0x00, 0x00, 0x00, 0x00, 0x00,
    0xFF, 0xFF, 0x00, 0x00, 0x32, 0x75, 0x00, 0x00, 0x00, 0x00, 0x00, 0x00, 0x00, 0x00, 0x00, 0x00,
    0x03, 0x00, 0x00, 0x00, 0x60, 0x38, 0x00, 0x00, 0x00, 0x00, 0x00, 0x00, 0x00, 0x00, 0x00, 0x00,
    0xFF, 0xFF, 0x00, 0x00, 0x33, 0x75, 0x00, 0x00, 0x00, 0x00, 0x00, 0x00, 0x00, 0x00, 0x00, 0x00,
    0x04, 0x00, 0x00, 0x00, 0x4C, 0x38, 0x00, 0x00, 0x00, 0x00, 0x00, 0x00, 0x00, 0x00, 0x00, 0x00,
    0xFF, 0xFF, 0x00, 0x00, 0x32, 0x75, 0x00, 0x00, 0x00, 0x00, 0x00, 0x00, 0x00, 0x00, 0x00, 0x00,
    0x03, 0x00, 0x00, 0x00, 0x3C, 0x38, 0x00, 0x00, 0x00, 0x00, 0x00, 0x00, 0x00, 0x00, 0x00, 0x00,
    0xFF, 0xFF, 0x00, 0x00, 0x34, 0x75, 0x00, 0x00, 0x00, 0x00, 0x00, 0x00, 0x00, 0x00, 0x00, 0x00,
    0x04, 0x00, 0x00, 0x00, 0x28, 0x38, 0x00, 0x00, 0x00, 0x00, 0x00, 0x00, 0x00, 0x00, 0x00, 0x00,
    0xFF, 0xFF, 0x00, 0x00, 0x35, 0x75, 0x00, 0x00, 0x00, 0x00, 0x00, 0x00, 0x00, 0x00, 0x00, 0x00,
    0x03, 0x00, 0x00, 0x00, 0x18, 0x38, 0x00, 0x00, 0x02, 0x00, 0x00, 0x00, 0x1C, 0x38, 0x00, 0x00,
    0xFF, 0xFF, 0x00, 0x00, 0x14, 0x04, 0x00, 0x00, 0x01, 0x00, 0x00, 0x00, 0x14, 0x38, 0x00, 0x00,
    0x00, 0x00, 0x00, 0x00, 0x00, 0x00, 0x00, 0x00, 0x01, 0x00, 0x00, 0x00, 0x08, 0x38, 0x00, 0x00,
    0xFF, 0xFF, 0x00, 0x00, 0x01, 0x00, 0x00, 0x00, 0x00, 0x38, 0x00, 0x00, 0xF5, 0x03, 0x00, 0x00,
    0x01, 0x00, 0x00, 0x00, 0xF8, 0x37, 0x00, 0x00, 0x02, 0x00, 0x00, 0x00, 0xF4, 0x37, 0x00, 0x00,
    0x01, 0x00, 0x00, 0x00, 0xF4, 0x37, 0x00, 0x00, 0xFF, 0xFF, 0x00, 0x00, 0x36, 0x00, 0x00, 0x00,
    0x00, 0x00, 0x00, 0x00, 0x0E, 0x00, 0x00, 0x00, 0x00, 0x00, 0x00, 0x00, 0xE0, 0x37, 0x00, 0x00,
    0x00, 0x00, 0x00, 0x00, 0x30, 0x75, 0x00, 0x00, 0x00, 0x00, 0x00, 0x00, 0x00, 0x00, 0x00, 0x00,
    0x03, 0x00, 0x00, 0x00, 0xCC, 0x37, 0x00, 0x00, 0x00, 0x00, 0x00, 0x00, 0x00, 0x00, 0x00, 0x00,
    0xFF, 0xFF, 0x00, 0x00, 0x31, 0x75, 0x00, 0x00, 0x00, 0x00, 0x00, 0x00, 0x00, 0x00, 0x00, 0x00,
    0x03, 0x00, 0x00, 0x00, 0xB8, 0x37, 0x00, 0x00, 0x00, 0x00, 0x00, 0x00, 0x00, 0x00, 0x00, 0x00,
    0xFF, 0xFF, 0x00, 0x00, 0x36, 0x75, 0x00, 0x00, 0x00, 0x00, 0x00, 0x00, 0x00, 0x00, 0x00, 0x00,
    0x03, 0x00, 0x00, 0x00, 0xA4, 0x37, 0x00, 0x00, 0x00, 0x00, 0x00, 0x00, 0x00, 0x00, 0x00, 0x00,
    0xFF, 0xFF, 0x00, 0x00, 0x37, 0x75, 0x00, 0x00, 0x00, 0x00, 0x00, 0x00, 0x00, 0x00, 0x00, 0x00,
    0x04, 0x00, 0x00, 0x00, 0x90, 0x37, 0x00, 0x00, 0x00, 0x00, 0x00, 0x00, 0x00, 0x00, 0x00, 0x00,
    0xFF, 0xFF, 0x00, 0x00, 0x32, 0x75, 0x00, 0x00, 0x00, 0x00, 0x00, 0x00, 0x00, 0x00, 0x00, 0x00,
    0x04, 0x00, 0x00, 0x00, 0x80, 0x37, 0x00, 0x00, 0x00, 0x00, 0x00, 0x00, 0x00, 0x00, 0x00, 0x00,
    0xFF, 0xFF, 0x00, 0x00, 0x09, 0x04, 0x00, 0x00, 0x00, 0x00, 0x00, 0x00, 0x00, 0x00, 0x00, 0x00,
    0x08, 0x00, 0x00, 0x00, 0x70, 0x37, 0x00, 0x00, 0x00, 0x00, 0x00, 0x00, 0x00, 0x00, 0x00, 0x00,
    0xFF, 0xFF, 0x00, 0x00, 0x1E, 0x00, 0x01, 0x00, 0x0D, 0x01, 0x00, 0x00, 0x31, 0x75, 0x00, 0x00,
    0x00, 0x00, 0x00, 0x00, 0x00, 0x00, 0x00, 0x00, 0x03, 0x00, 0x00, 0x00, 0x68, 0x37, 0x00, 0x00,
    0x00, 0x00, 0x00, 0x00, 0x00, 0x00, 0x00, 0x00, 0xFF, 0xFF, 0x00, 0x00, 0x09, 0x04, 0x00, 0x00,
    0x00, 0x00, 0x00, 0x00, 0x00, 0x00, 0x00, 0x00, 0x07, 0x00, 0x00, 0x00, 0x54, 0x37, 0x00, 0x00,
    0x00, 0x00, 0x00, 0x00, 0x00, 0x00, 0x00, 0x00, 0xFF, 0xFF, 0x00, 0x00, 0x1F, 0x00, 0x01, 0x00,
    0x11, 0x01, 0x00, 0x00, 0x09, 0x04, 0x00, 0x00, 0x00, 0x00, 0x00, 0x00, 0x00, 0x00, 0x00, 0x00,
    0x07, 0x00, 0x00, 0x00, 0x48, 0x37, 0x00, 0x00, 0x00, 0x00, 0x00, 0x00, 0x00, 0x00, 0x00, 0x00,
    0xFF, 0xFF, 0x00, 0x00, 0x1F, 0x00, 0x01, 0x00, 0x15, 0x01, 0x00, 0x00, 0x09, 0x04, 0x00, 0x00,
    0x00, 0x00, 0x00, 0x00, 0x00, 0x00, 0x00, 0x00, 0x07, 0x00, 0x00, 0x00, 0x3C, 0x37, 0x00, 0x00,
    0x00, 0x00, 0x00, 0x00, 0x00, 0x00, 0x00, 0x00, 0xFF, 0xFF, 0x00, 0x00, 0x1F, 0x00, 0x01, 0x00,
    0x19, 0x01, 0x00, 0x00, 0x09, 0x04, 0x00, 0x00, 0x00, 0x00, 0x00, 0x00, 0x00, 0x00, 0x00, 0x00,
    0x07, 0x00, 0x00, 0x00, 0x30, 0x37, 0x00, 0x00, 0x00, 0x00, 0x00, 0x00, 0x00, 0x00, 0x00, 0x00,
    0xFF, 0xFF, 0x00, 0x00, 0x1F, 0x00, 0x01, 0x00, 0x1D, 0x01, 0x00, 0x00, 0x30, 0x75, 0x00, 0x00,
    0x00, 0x00, 0x00, 0x00, 0x00, 0x00, 0x00, 0x00, 0x03, 0x00, 0x00, 0x00, 0x24, 0x37, 0x00, 0x00,
    0x00, 0x00, 0x00, 0x00, 0x00, 0x00, 0x00, 0x00, 0xFF, 0xFF, 0x00, 0x00, 0x31, 0x75, 0x00, 0x00,
    0x00, 0x00, 0x00, 0x00, 0x00, 0x00, 0x00, 0x00, 0x03, 0x00, 0x00, 0x00, 0x10, 0x37, 0x00, 0x00,
    0x00, 0x00, 0x00, 0x00, 0x00, 0x00, 0x00, 0x00, 0xFF, 0xFF, 0x00, 0x00, 0x36, 0x75, 0x00, 0x00,
    0x00, 0x00, 0x00, 0x00, 0x00, 0x00, 0x00, 0x00, 0x03, 0x00, 0x00, 0x00, 0xFC, 0x36, 0x00, 0x00,
    0x01, 0x00, 0x00, 0x00, 0x00, 0x37, 0x00, 0x00, 0xFF, 0xFF, 0x00, 0x00, 0x30, 0x75, 0x00, 0x00,
    0x00, 0x00, 0x00, 0x00, 0x00, 0x00, 0x00, 0x00, 0x03, 0x00, 0x00, 0x00, 0xEC, 0x36, 0x00, 0x00,
    0x02, 0x00, 0x00, 0x00, 0xF0, 0x36, 0x00, 0x00, 0xFF, 0xFF, 0x00, 0x00, 0x32, 0x75, 0x00, 0x00,
    0x00, 0x00, 0x00, 0x00, 0x00, 0x00, 0x00, 0x00, 0x04, 0x00, 0x00, 0x00, 0xE0, 0x36, 0x00, 0x00,
    0x00, 0x00, 0x00, 0x00, 0x00, 0x00, 0x00, 0x00, 0xFF, 0xFF, 0x00, 0x00, 0xF5, 0x03, 0x00, 0x00,
    0x01, 0x00, 0x00, 0x00, 0xD8, 0x36, 0x00, 0x00, 0x01, 0x00, 0x00, 0x00, 0xD4, 0x36, 0x00, 0x00,
    0x01, 0x00, 0x00, 0x00, 0xD0, 0x36, 0x00, 0x00, 0xFF, 0xFF, 0x00, 0x00, 0x27, 0x00, 0x00, 0x00,
    0x14, 0x04, 0x00, 0x00, 0x01, 0x00, 0x00, 0x00, 0xC0, 0x36, 0x00, 0x00, 0x00, 0x00, 0x00, 0x00,
    0x00, 0x00, 0x00, 0x00, 0x01, 0x00, 0x00, 0x00, 0xB4, 0x36, 0x00, 0x00, 0xFF, 0xFF, 0x00, 0x00,
    0x01, 0x00, 0x00, 0x00, 0xAC, 0x36, 0x00, 0x00, 0xF0, 0x03, 0x00, 0x00, 0x00, 0x00, 0x00, 0x00,
    0x00, 0x00, 0x00, 0x00, 0x00, 0x00, 0x00, 0x00, 0x00, 0x00, 0x00, 0x00, 0x05, 0x00, 0x00, 0x00,
    0x94, 0x36, 0x00, 0x00, 0xFF, 0xFF, 0x00, 0x00, 0x04, 0x00, 0x00, 0x00, 0x9C, 0x36, 0x00, 0x00,
    0x14, 0x04, 0x00, 0x00, 0x01, 0x00, 0x00, 0x00, 0xA0, 0x36, 0x00, 0x00, 0x00, 0x00, 0x00, 0x00,
    0x00, 0x00, 0x00, 0x00, 0x01, 0x00, 0x00, 0x00, 0x94, 0x36, 0x00, 0x00, 0xFF, 0xFF, 0x00, 0x00,
    0x01, 0x00, 0x00, 0x00, 0x8C, 0x36, 0x00, 0x00, 0x14, 0x04, 0x00, 0x00, 0x01, 0x00, 0x00, 0x00,
    0x84, 0x36, 0x00, 0x00, 0x00, 0x00, 0x00, 0x00, 0x00, 0x00, 0x00, 0x00, 0x01, 0x00, 0x00, 0x00,
    0x78, 0x36, 0x00, 0x00, 0xFF, 0xFF, 0x00, 0x00, 0x01, 0x00, 0x00, 0x00, 0x70, 0x36, 0x00, 0x00,
    0x14, 0x04, 0x00, 0x00, 0x01, 0x00, 0x00, 0x00, 0x68, 0x36, 0x00, 0x00, 0x00, 0x00, 0x00, 0x00,
    0x00, 0x00, 0x00, 0x00, 0x01, 0x00, 0x00, 0x00, 0x5C, 0x36, 0x00, 0x00, 0xFF, 0xFF, 0x00, 0x00,
    0x01, 0x00, 0x00, 0x00, 0x54, 0x36, 0x00, 0x00, 0x00, 0x00, 0x00, 0x00, 0x0E, 0x00, 0x00, 0x00,
    0x00, 0x00, 0x00, 0x00, 0x48, 0x36, 0x00, 0x00, 0x00, 0x00, 0x00, 0x00, 0x07, 0x00, 0x00, 0x00,
    0x00, 0x00, 0x00, 0x00, 0x00, 0x00, 0x00, 0x00, 0x00, 0x00, 0x00, 0x00, 0x01, 0x00, 0x00, 0x00,
    0x00, 0x00, 0x00, 0x00, 0x00, 0x00, 0x00, 0x00, 0x00, 0x00, 0x00, 0x00, 0x01, 0x00, 0x00, 0x00,
    0x32, 0x75, 0x00, 0x00, 0x00, 0x00, 0x00, 0x00, 0x00, 0x00, 0x00, 0x00, 0x05, 0x00, 0x00, 0x00,
    0x10, 0x36, 0x00, 0x00, 0x00, 0x00, 0x00, 0x00, 0x00, 0x00, 0x00, 0x00, 0xFF, 0xFF, 0x00, 0x00,
    0x30, 0x75, 0x00, 0x00, 0x00, 0x00, 0x00, 0x00, 0x00, 0x00, 0x00, 0x00, 0x03, 0x00, 0x00, 0x00,
    0x04, 0x36, 0x00, 0x00, 0x00, 0x00, 0x00, 0x00, 0x00, 0x00, 0x00, 0x00, 0xFF, 0xFF, 0x00, 0x00,
    0x32, 0x75, 0x00, 0x00, 0x00, 0x00, 0x00, 0x00, 0x00, 0x00, 0x00, 0x00, 0x05, 0x00, 0x00, 0x00,
    0xF0, 0x35, 0x00, 0x00, 0x00, 0x00, 0x00, 0x00, 0x00, 0x00, 0x00, 0x00, 0xFF, 0xFF, 0x00, 0x00,
    0x32, 0x75, 0x00, 0x00, 0x00, 0x00, 0x00, 0x00, 0x00, 0x00, 0x00, 0x00, 0x03, 0x00, 0x00, 0x00,
    0xE4, 0x35, 0x00, 0x00, 0x00, 0x00, 0x00, 0x00, 0x00, 0x00, 0x00, 0x00, 0xFF, 0xFF, 0x00, 0x00,
    0x32, 0x75, 0x00, 0x00, 0x00, 0x00, 0x00, 0x00, 0x00, 0x00, 0x00, 0x00, 0x03, 0x00, 0x00, 0x00,
    0xD0, 0x35, 0x00, 0x00, 0x00, 0x00, 0x00, 0x00, 0x00, 0x00, 0x00, 0x00, 0xFF, 0xFF, 0x00, 0x00,
    0x00, 0x00, 0x00, 0x00, 0x0E, 0x00, 0x00, 0x00, 0x00, 0x00, 0x00, 0x00, 0xC0, 0x35, 0x00, 0x00,
    0x00, 0x00, 0x00, 0x00, 0x32, 0x75, 0x00, 0x00, 0x00, 0x00, 0x00, 0x00, 0x00, 0x00, 0x00, 0x00,
    0x03, 0x00, 0x00, 0x00, 0xBC, 0x35, 0x00, 0x00, 0x00, 0x00, 0x00, 0x00, 0x00, 0x00, 0x00, 0x00,
    0xFF, 0xFF, 0x00, 0x00, 0x30, 0x75, 0x00, 0x00, 0x00, 0x00, 0x00, 0x00, 0x00, 0x00, 0x00, 0x00,
    0x03, 0x00, 0x00, 0x00, 0xA8, 0x35, 0x00, 0x00, 0x00, 0x00, 0x00, 0x00, 0x00, 0x00, 0x00, 0x00,
    0xFF, 0xFF, 0x00, 0x00, 0x36, 0x75, 0x00, 0x00, 0x00, 0x00, 0x00, 0x00, 0x00, 0x00, 0x00, 0x00,
    0x03, 0x00, 0x00, 0x00, 0x94, 0x35, 0x00, 0x00, 0x00, 0x00, 0x00, 0x00, 0x00, 0x00, 0x00, 0x00,
    0xFF, 0xFF, 0x00, 0x00, 0x30, 0x75, 0x00, 0x00, 0x00, 0x00, 0x00, 0x00, 0x00, 0x00, 0x00, 0x00,
    0x03, 0x00, 0x00, 0x00, 0x80, 0x35, 0x00, 0x00, 0x00, 0x00, 0x00, 0x00, 0x00, 0x00, 0x00, 0x00,
    0xFF, 0xFF, 0x00, 0x00, 0x32, 0x75, 0x00, 0x00, 0x00, 0x00, 0x00, 0x00, 0x00, 0x00, 0x00, 0x00,
    0x03, 0x00, 0x00, 0x00, 0x6C, 0x35, 0x00, 0x00, 0x00, 0x00, 0x00, 0x00, 0x00, 0x00, 0x00, 0x00,
    0xFF, 0xFF, 0x00, 0x00, 0x32, 0x75, 0x00, 0x00, 0x00, 0x00, 0x00, 0x00, 0x00, 0x00, 0x00, 0x00,
    0x04, 0x00, 0x00, 0x00, 0x58, 0x35, 0x00, 0x00, 0x00, 0x00, 0x00, 0x00, 0x00, 0x00, 0x00, 0x00,
    0xFF, 0xFF, 0x00, 0x00, 0x30, 0x75, 0x00, 0x00, 0x00, 0x00, 0x00, 0x00, 0x00, 0x00, 0x00, 0x00,
    0x03, 0x00, 0x00, 0x00, 0x48, 0x35, 0x00, 0x00, 0x00, 0x00, 0x00, 0x00, 0x00, 0x00, 0x00, 0x00,
    0xFF, 0xFF, 0x00, 0x00, 0x30, 0x75, 0x00, 0x00, 0x00, 0x00, 0x00, 0x00, 0x00, 0x00, 0x00, 0x00,
    0x03, 0x00, 0x00, 0x00, 0x34, 0x35, 0x00, 0x00, 0x00, 0x00, 0x00, 0x00, 0x00, 0x00, 0x00, 0x00,
    0xFF, 0xFF, 0x00, 0x00, 0x30, 0x75, 0x00, 0x00, 0x00, 0x00, 0x00, 0x00, 0x00, 0x00, 0x00, 0x00,
    0x04, 0x00, 0x00, 0x00, 0x20, 0x35, 0x00, 0x00, 0x00, 0x00, 0x00, 0x00, 0x00, 0x00, 0x00, 0x00,
    0xFF, 0xFF, 0x00, 0x00, 0x09, 0x04, 0x00, 0x00, 0x00, 0x00, 0x00, 0x00, 0x00, 0x00, 0x00, 0x00,
    0x08, 0x00, 0x00, 0x00, 0x10, 0x35, 0x00, 0x00, 0x00, 0x00, 0x00, 0x00, 0x00, 0x00, 0x00, 0x00,
    0xFF, 0xFF, 0x00, 0x00, 0x1D, 0x00, 0x01, 0x00, 0x01, 0x00, 0x00, 0x00, 0x09, 0x04, 0x00, 0x00,
    0x00, 0x00, 0x00, 0x00, 0x00, 0x00, 0x00, 0x00, 0x08, 0x00, 0x00, 0x00, 0x08, 0x35, 0x00, 0x00,
    0x00, 0x00, 0x00, 0x00, 0x00, 0x00, 0x00, 0x00, 0xFF, 0xFF, 0x00, 0x00, 0x1D, 0x00, 0x01, 0x00,
    0x03, 0x00, 0x00, 0x00, 0x09, 0x04, 0x00, 0x00, 0x00, 0x00, 0x00, 0x00, 0x00, 0x00, 0x00, 0x00,
    0x08, 0x00, 0x00, 0x00, 0x00, 0x35, 0x00, 0x00, 0x00, 0x00, 0x00, 0x00, 0x00, 0x00, 0x00, 0x00,
    0xFF, 0xFF, 0x00, 0x00, 0x1D, 0x00, 0x01, 0x00, 0x05, 0x00, 0x00, 0x00, 0x09, 0x04, 0x00, 0x00,
    0x00, 0x00, 0x00, 0x00, 0x00, 0x00, 0x00, 0x00, 0x08, 0x00, 0x00, 0x00, 0xF8, 0x34, 0x00, 0x00,
    0x00, 0x00, 0x00, 0x00, 0x00, 0x00, 0x00, 0x00, 0xFF, 0xFF, 0x00, 0x00, 0x1D, 0x00, 0x01, 0x00,
    0x07, 0x00, 0x00, 0x00, 0x09, 0x04, 0x00, 0x00, 0x00, 0x00, 0x00, 0x00, 0x00, 0x00, 0x00, 0x00,
    0x08, 0x00, 0x00, 0x00, 0xF0, 0x34, 0x00, 0x00, 0x00, 0x00, 0x00, 0x00, 0x00, 0x00, 0x00, 0x00,
    0xFF, 0xFF, 0x00, 0x00, 0x1D, 0x00, 0x01, 0x00, 0x09, 0x00, 0x00, 0x00, 0x09, 0x04, 0x00, 0x00,
    0x00, 0x00, 0x00, 0x00, 0x00, 0x00, 0x00, 0x00, 0x08, 0x00, 0x00, 0x00, 0xE8, 0x34, 0x00, 0x00,
    0x00, 0x00, 0x00, 0x00, 0x00, 0x00, 0x00, 0x00, 0xFF, 0xFF, 0x00, 0x00, 0x1D, 0x00, 0x01, 0x00,
    0x0B, 0x00, 0x00, 0x00, 0x09, 0x04, 0x00, 0x00, 0x00, 0x00, 0x00, 0x00, 0x00, 0x00, 0x00, 0x00,
    0x08, 0x00, 0x00, 0x00, 0xE0, 0x34, 0x00, 0x00, 0x00, 0x00, 0x00, 0x00, 0x00, 0x00, 0x00, 0x00,
    0xFF, 0xFF, 0x00, 0x00, 0x1D, 0x00, 0x01, 0x00, 0x0D, 0x00, 0x00, 0x00, 0x09, 0x04, 0x00, 0x00,
    0x00, 0x00, 0x00, 0x00, 0x00, 0x00, 0x00, 0x00, 0x08, 0x00, 0x00, 0x00, 0xD8, 0x34, 0x00, 0x00,
    0x00, 0x00, 0x00, 0x00, 0x00, 0x00, 0x00, 0x00, 0xFF, 0xFF, 0x00, 0x00, 0x1D, 0x00, 0x01, 0x00,
    0x0F, 0x00, 0x00, 0x00, 0x30, 0x75, 0x00, 0x00, 0x00, 0x00, 0x00, 0x00, 0x00, 0x00, 0x00, 0x00,
    0x03, 0x00, 0x00, 0x00, 0xD0, 0x34, 0x00, 0x00, 0x00, 0x00, 0x00, 0x00, 0x00, 0x00, 0x00, 0x00,
    0xFF, 0xFF, 0x00, 0x00, 0x09, 0x04, 0x00, 0x00, 0x00, 0x00, 0x00, 0x00, 0x00, 0x00, 0x00, 0x00,
    0x08, 0x00, 0x00, 0x00, 0xBC, 0x34, 0x00, 0x00, 0x00, 0x00, 0x00, 0x00, 0x00, 0x00, 0x00, 0x00,
    0xFF, 0xFF, 0x00, 0x00, 0x1C, 0x00, 0x01, 0x00, 0x11, 0x00, 0x00, 0x00, 0x09, 0x04, 0x00, 0x00,
    0x00, 0x00, 0x00, 0x00, 0x00, 0x00, 0x00, 0x00, 0x08, 0x00, 0x00, 0x00, 0xB4, 0x34, 0x00, 0x00,
    0x00, 0x00, 0x00, 0x00, 0x00, 0x00, 0x00, 0x00, 0xFF, 0xFF, 0x00, 0x00, 0x1C, 0x00, 0x01, 0x00,
    0x13, 0x00, 0x00, 0x00, 0x30, 0x75, 0x00, 0x00, 0x00, 0x00, 0x00, 0x00, 0x00, 0x00, 0x00, 0x00,
    0x03, 0x00, 0x00, 0x00, 0xAC, 0x34, 0x00, 0x00, 0x00, 0x00, 0x00, 0x00, 0x00, 0x00, 0x00, 0x00,
    0xFF, 0xFF, 0x00, 0x00, 0x09, 0x04, 0x00, 0x00, 0x00, 0x00, 0x00, 0x00, 0x00, 0x00, 0x00, 0x00,
    0x08, 0x00, 0x00, 0x00, 0x98, 0x34, 0x00, 0x00, 0x00, 0x00, 0x00, 0x00, 0x00, 0x00, 0x00, 0x00,
    0xFF, 0xFF, 0x00, 0x00, 0x1B, 0x00, 0x01, 0x00, 0x15, 0x00, 0x00, 0x00, 0x09, 0x04, 0x00, 0x00,
    0x00, 0x00, 0x00, 0x00, 0x00, 0x00, 0x00, 0x00, 0x08, 0x00, 0x00, 0x00, 0x90, 0x34, 0x00, 0x00,
    0x00, 0x00, 0x00, 0x00, 0x00, 0x00, 0x00, 0x00, 0xFF, 0xFF, 0x00, 0x00, 0x1B, 0x00, 0x01, 0x00,
    0x17, 0x00, 0x00, 0x00, 0x09, 0x04, 0x00, 0x00, 0x00, 0x00, 0x00, 0x00, 0x00, 0x00, 0x00, 0x00,
    0x08, 0x00, 0x00, 0x00, 0x88, 0x34, 0x00, 0x00, 0x00, 0x00, 0x00, 0x00, 0x00, 0x00, 0x00, 0x00,
    0xFF, 0xFF, 0x00, 0x00, 0x1B, 0x00, 0x01, 0x00, 0x19, 0x00, 0x00, 0x00, 0x09, 0x04, 0x00, 0x00,
    0x00, 0x00, 0x00, 0x00, 0x00, 0x00, 0x00, 0x00, 0x08, 0x00, 0x00, 0x00, 0x80, 0x34, 0x00, 0x00,
    0x00, 0x00, 0x00, 0x00, 0x00, 0x00, 0x00, 0x00, 0xFF, 0xFF, 0x00, 0x00, 0x0C, 0x00, 0x01, 0x00,
    0x01, 0x00, 0x00, 0x00, 0x30, 0x75, 0x00, 0x00, 0x00, 0x00, 0x00, 0x00, 0x00, 0x00, 0x00, 0x00,
    0x04, 0x00, 0x00, 0x00, 0x78, 0x34, 0x00, 0x00, 0x00, 0x00, 0x00, 0x00, 0x00, 0x00, 0x00, 0x00,
    0xFF, 0xFF, 0x00, 0x00, 0x09, 0x04, 0x00, 0x00, 0x00, 0x00, 0x00, 0x00, 0x00, 0x00, 0x00, 0x00,
    0x08, 0x00, 0x00, 0x00, 0x68, 0x34, 0x00, 0x00, 0x01, 0x00, 0x00, 0x00, 0x80, 0x34, 0x00, 0x00,
    0xFF, 0xFF, 0x00, 0x00, 0x0C, 0x00, 0x01, 0x00, 0x04, 0x00, 0x00, 0x00, 0x09, 0x04, 0x00, 0x00,
    0x00, 0x00, 0x00, 0x00, 0x00, 0x00, 0x00, 0x00, 0x08, 0x00, 0x00, 0x00, 0x64, 0x34, 0x00, 0x00,
    0x01, 0x00, 0x00, 0x00, 0x7C, 0x34, 0x00, 0x00, 0xFF, 0xFF, 0x00, 0x00, 0x0C, 0x00, 0x01, 0x00,
    0x07, 0x00, 0x00, 0x00, 0x09, 0x04, 0x00, 0x00, 0x00, 0x00, 0x00, 0x00, 0x00, 0x00, 0x00, 0x00,
    0x08, 0x00, 0x00, 0x00, 0x60, 0x34, 0x00, 0x00, 0x01, 0x00, 0x00, 0x00, 0x78, 0x34, 0x00, 0x00,
    0xFF, 0xFF, 0x00, 0x00, 0x0C, 0x00, 0x01, 0x00, 0x0A, 0x00, 0x00, 0x00, 0x09, 0x04, 0x00, 0x00,
    0x00, 0x00, 0x00, 0x00, 0x00, 0x00, 0x00, 0x00, 0x08, 0x00, 0x00, 0x00, 0x5C, 0x34, 0x00, 0x00,
    0x01, 0x00, 0x00, 0x00, 0x74, 0x34, 0x00, 0x00, 0xFF, 0xFF, 0x00, 0x00, 0x0C, 0x00, 0x01, 0x00,
    0x0D, 0x00, 0x00, 0x00, 0x09, 0x04, 0x00, 0x00, 0x00, 0x00, 0x00, 0x00, 0x00, 0x00, 0x00, 0x00,
    0x08, 0x00, 0x00, 0x00, 0x58, 0x34, 0x00, 0x00, 0x01, 0x00, 0x00, 0x00, 0x70, 0x34, 0x00, 0x00,
    0xFF, 0xFF, 0x00, 0x00, 0x0C, 0x00, 0x01, 0x00, 0x10, 0x00, 0x00, 0x00, 0x09, 0x04, 0x00, 0x00,
    0x00, 0x00, 0x00, 0x00, 0x00, 0x00, 0x00, 0x00, 0x08, 0x00, 0x00, 0x00, 0x54, 0x34, 0x00, 0x00,
    0x01, 0x00, 0x00, 0x00, 0x6C, 0x34, 0x00, 0x00, 0xFF, 0xFF, 0x00, 0x00, 0x0C, 0x00, 0x01, 0x00,
    0x13, 0x00, 0x00, 0x00, 0x09, 0x04, 0x00, 0x00, 0x00, 0x00, 0x00, 0x00, 0x00, 0x00, 0x00, 0x00,
    0x08, 0x00, 0x00, 0x00, 0x50, 0x34, 0x00, 0x00, 0x01, 0x00, 0x00, 0x00, 0x68, 0x34, 0x00, 0x00,
    0xFF, 0xFF, 0x00, 0x00, 0x0C, 0x00, 0x01, 0x00, 0x16, 0x00, 0x00, 0x00, 0x09, 0x04, 0x00, 0x00,
    0x00, 0x00, 0x00, 0x00, 0x00, 0x00, 0x00, 0x00, 0x08, 0x00, 0x00, 0x00, 0x4C, 0x34, 0x00, 0x00,
    0x01, 0x00, 0x00, 0x00, 0x64, 0x34, 0x00, 0x00, 0xFF, 0xFF, 0x00, 0x00, 0x0C, 0x00, 0x01, 0x00,
    0x19, 0x00, 0x00, 0x00, 0x09, 0x04, 0x00, 0x00, 0x00, 0x00, 0x00, 0x00, 0x00, 0x00, 0x00, 0x00,
    0x08, 0x00, 0x00, 0x00, 0x48, 0x34, 0x00, 0x00, 0x01, 0x00, 0x00, 0x00, 0x60, 0x34, 0x00, 0x00,
    0xFF, 0xFF, 0x00, 0x00, 0x0C, 0x00, 0x01, 0x00, 0x1C, 0x00, 0x00, 0x00, 0x30, 0x75, 0x00, 0x00,
    0x00, 0x00, 0x00, 0x00, 0x00, 0x00, 0x00, 0x00, 0x03, 0x00, 0x00, 0x00, 0x44, 0x34, 0x00, 0x00,
    0x00, 0x00, 0x00, 0x00, 0x00, 0x00, 0x00, 0x00, 0xFF, 0xFF, 0x00, 0x00, 0x30, 0x75, 0x00, 0x00,
    0x00, 0x00, 0x00, 0x00, 0x00, 0x00, 0x00, 0x00, 0x04, 0x00, 0x00, 0x00, 0x30, 0x34, 0x00, 0x00,
    0x01, 0x00, 0x00, 0x00, 0x38, 0x34, 0x00, 0x00, 0xFF, 0xFF, 0x00, 0x00, 0x32, 0x75, 0x00, 0x00,
    0x00, 0x00, 0x00, 0x00, 0x00, 0x00, 0x00, 0x00, 0x03, 0x00, 0x00, 0x00, 0x24, 0x34, 0x00, 0x00,
    0x00, 0x00, 0x00, 0x00, 0x00, 0x00, 0x00, 0x00, 0xFF, 0xFF, 0x00, 0x00, 0x32, 0x75, 0x00, 0x00,
    0x00, 0x00, 0x00, 0x00, 0x00, 0x00, 0x00, 0x00, 0x04, 0x00, 0x00, 0x00, 0x10, 0x34, 0x00, 0x00,
    0x00, 0x00, 0x00, 0x00, 0x00, 0x00, 0x00, 0x00, 0xFF, 0xFF, 0x00, 0x00, 0x32, 0x75, 0x00, 0x00,
    0x00, 0x00, 0x00, 0x00, 0x00, 0x00, 0x00, 0x00, 0x03, 0x00, 0x00, 0x00, 0x00, 0x34, 0x00, 0x00,
    0x00, 0x00, 0x00, 0x00, 0x00, 0x00, 0x00, 0x00, 0xFF, 0xFF, 0x00, 0x00, 0x30, 0x75, 0x00, 0x00,
    0x00, 0x00, 0x00, 0x00, 0x00, 0x00, 0x00, 0x00, 0x03, 0x00, 0x00, 0x00, 0xEC, 0x33, 0x00, 0x00,
    0x00, 0x00, 0x00, 0x00, 0x00, 0x00, 0x00, 0x00, 0xFF, 0xFF, 0x00, 0x00, 0x32, 0x75, 0x00, 0x00,
    0x00, 0x00, 0x00, 0x00, 0x00, 0x00, 0x00, 0x00, 0x03, 0x00, 0x00, 0x00, 0xD8, 0x33, 0x00, 0x00,
    0x00, 0x00, 0x00, 0x00, 0x00, 0x00, 0x00, 0x00, 0xFF, 0xFF, 0x00, 0x00, 0x07, 0x00, 0x00, 0x00,
    0x00, 0x00, 0x00, 0x00, 0x00, 0x00, 0x00, 0x00, 0x00, 0x00, 0x00, 0x00, 0x09, 0x04, 0x00, 0x00,
    0x00, 0x00, 0x00, 0x00, 0x00, 0x00, 0x00, 0x00, 0x08, 0x00, 0x00, 0x00, 0xB4, 0x33, 0x00, 0x00,
    0x00, 0x00, 0x00, 0x00, 0x00, 0x00, 0x00, 0x00, 0xFF, 0xFF, 0x00, 0x00, 0x0E, 0x00, 0x01, 0x00,
    0x01, 0x00, 0x00, 0x00, 0x30, 0x75, 0x00, 0x00, 0x00, 0x00, 0x00, 0x00, 0x00, 0x00, 0x00, 0x00,
    0x04, 0x00, 0x00, 0x00, 0xAC, 0x33, 0x00, 0x00, 0x00, 0x00, 0x00, 0x00, 0x00, 0x00, 0x00, 0x00,
    0xFF, 0xFF, 0x00, 0x00, 0x09, 0x04, 0x00, 0x00, 0x00, 0x00, 0x00, 0x00, 0x00, 0x00, 0x00, 0x00,
    0x08, 0x00, 0x00, 0x00, 0x9C, 0x33, 0x00, 0x00, 0x00, 0x00, 0x00, 0x00, 0x00, 0x00, 0x00, 0x00,
    0xFF, 0xFF, 0x00, 0x00, 0x0E, 0x00, 0x01, 0x00, 0x04, 0x00, 0x00, 0x00, 0x09, 0x04, 0x00, 0x00,
    0x00, 0x00, 0x00, 0x00, 0x00, 0x00, 0x00, 0x00, 0x08, 0x00, 0x00, 0x00, 0x94, 0x33, 0x00, 0x00,
    0x00, 0x00, 0x00, 0x00, 0x00, 0x00, 0x00, 0x00, 0xFF, 0xFF, 0x00, 0x00, 0x0E, 0x00, 0x01, 0x00,
    0x07, 0x00, 0x00, 0x00, 0x09, 0x04, 0x00, 0x00, 0x00, 0x00, 0x00, 0x00, 0x00, 0x00, 0x00, 0x00,
    0x08, 0x00, 0x00, 0x00, 0x8C, 0x33, 0x00, 0x00, 0x00, 0x00, 0x00, 0x00, 0x00, 0x00, 0x00, 0x00,
    0xFF, 0xFF, 0x00, 0x00, 0x0E, 0x00, 0x01, 0x00, 0x0A, 0x00, 0x00, 0x00, 0x09, 0x04, 0x00, 0x00,
    0x00, 0x00, 0x00, 0x00, 0x00, 0x00, 0x00, 0x00, 0x08, 0x00, 0x00, 0x00, 0x84, 0x33, 0x00, 0x00,
    0x00, 0x00, 0x00, 0x00, 0x00, 0x00, 0x00, 0x00, 0xFF, 0xFF, 0x00, 0x00, 0x0E, 0x00, 0x01, 0x00,
    0x0D, 0x00, 0x00, 0x00, 0x09, 0x04, 0x00, 0x00, 0x00, 0x00, 0x00, 0x00, 0x00, 0x00, 0x00, 0x00,
    0x08, 0x00, 0x00, 0x00, 0x7C, 0x33, 0x00, 0x00, 0x00, 0x00, 0x00, 0x00, 0x00, 0x00, 0x00, 0x00,
    0xFF, 0xFF, 0x00, 0x00, 0x0E, 0x00, 0x01, 0x00, 0x10, 0x00, 0x00, 0x00, 0x09, 0x04, 0x00, 0x00,
    0x00, 0x00, 0x00, 0x00, 0x00, 0x00, 0x00, 0x00, 0x08, 0x00, 0x00, 0x00, 0x74, 0x33, 0x00, 0x00,
    0x00, 0x00, 0x00, 0x00, 0x00, 0x00, 0x00, 0x00, 0xFF, 0xFF, 0x00, 0x00, 0x0E, 0x00, 0x01, 0x00,
    0x13, 0x00, 0x00, 0x00, 0x09, 0x04, 0x00, 0x00, 0x00, 0x00, 0x00, 0x00, 0x00, 0x00, 0x00, 0x00,
    0x08, 0x00, 0x00, 0x00, 0x6C, 0x33, 0x00, 0x00, 0x00, 0x00, 0x00, 0x00, 0x00, 0x00, 0x00, 0x00,
    0xFF, 0xFF, 0x00, 0x00, 0x0E, 0x00, 0x01, 0x00, 0x16, 0x00, 0x00, 0x00, 0x09, 0x04, 0x00, 0x00,
    0x00, 0x00, 0x00, 0x00, 0x00, 0x00, 0x00, 0x00, 0x08, 0x00, 0x00, 0x00, 0x64, 0x33, 0x00, 0x00,
    0x00, 0x00, 0x00, 0x00, 0x00, 0x00, 0x00, 0x00, 0xFF, 0xFF, 0x00, 0x00, 0x0E, 0x00, 0x01, 0x00,
    0x19, 0x00, 0x00, 0x00, 0x09, 0x04, 0x00, 0x00, 0x00, 0x00, 0x00, 0x00, 0x00, 0x00, 0x00, 0x00,
    0x08, 0x00, 0x00, 0x00, 0x5C, 0x33, 0x00, 0x00, 0x00, 0x00, 0x00, 0x00, 0x00, 0x00, 0x00, 0x00,
    0xFF, 0xFF, 0x00, 0x00, 0x0E, 0x00, 0x01, 0x00, 0x1C, 0x00, 0x00, 0x00, 0x09, 0x04, 0x00, 0x00,
    0x00, 0x00, 0x00, 0x00, 0x00, 0x00, 0x00, 0x00, 0x08, 0x00, 0x00, 0x00, 0x54, 0x33, 0x00, 0x00,
    0x00, 0x00, 0x00, 0x00, 0x00, 0x00, 0x00, 0x00, 0xFF, 0xFF, 0x00, 0x00, 0x0E, 0x00, 0x01, 0x00,
    0x1F, 0x00, 0x00, 0x00, 0x09, 0x04, 0x00, 0x00, 0x00, 0x00, 0x00, 0x00, 0x00, 0x00, 0x00, 0x00,
    0x08, 0x00, 0x00, 0x00, 0x4C, 0x33, 0x00, 0x00, 0x00, 0x00, 0x00, 0x00, 0x00, 0x00, 0x00, 0x00,
    0xFF, 0xFF, 0x00, 0x00, 0x0E, 0x00, 0x01, 0x00, 0x22, 0x00, 0x00, 0x00, 0x09, 0x04, 0x00, 0x00,
    0x00, 0x00, 0x00, 0x00, 0x00, 0x00, 0x00, 0x00, 0x08, 0x00, 0x00, 0x00, 0x44, 0x33, 0x00, 0x00,
    0x00, 0x00, 0x00, 0x00, 0x00, 0x00, 0x00, 0x00, 0xFF, 0xFF, 0x00, 0x00, 0x0E, 0x00, 0x01, 0x00,
    0x25, 0x00, 0x00, 0x00, 0x09, 0x04, 0x00, 0x00, 0x00, 0x00, 0x00, 0x00, 0x00, 0x00, 0x00, 0x00,
    0x08, 0x00, 0x00, 0x00, 0x3C, 0x33, 0x00, 0x00, 0x00, 0x00, 0x00, 0x00, 0x00, 0x00, 0x00, 0x00,
    0xFF, 0xFF, 0x00, 0x00, 0x0E, 0x00, 0x01, 0x00, 0x28, 0x00, 0x00, 0x00, 0x09, 0x04, 0x00, 0x00,
    0x00, 0x00, 0x00, 0x00, 0x00, 0x00, 0x00, 0x00, 0x08, 0x00, 0x00, 0x00, 0x34, 0x33, 0x00, 0x00,
    0x00, 0x00, 0x00, 0x00, 0x00, 0x00, 0x00, 0x00, 0xFF, 0xFF, 0x00, 0x00, 0x0E, 0x00, 0x01, 0x00,
    0x2B, 0x00, 0x00, 0x00, 0x07, 0x00, 0x00, 0x00, 0x00, 0x00, 0x00, 0x00, 0x00, 0x00, 0x00, 0x00,
    0x00, 0x00, 0x00, 0x00, 0x36, 0x75, 0x00, 0x00, 0x00, 0x00, 0x00, 0x00, 0x00, 0x00, 0x00, 0x00,
    0x03, 0x00, 0x00, 0x00, 0x1C, 0x33, 0x00, 0x00, 0x00, 0x00, 0x00, 0x00, 0x00, 0x00, 0x00, 0x00,
    0xFF, 0xFF, 0x00, 0x00, 0x30, 0x75, 0x00, 0x00, 0x00, 0x00, 0x00, 0x00, 0x00, 0x00, 0x00, 0x00,
    0x04, 0x00, 0x00, 0x00, 0x08, 0x33, 0x00, 0x00, 0x01, 0x00, 0x00, 0x00, 0x10, 0x33, 0x00, 0x00,
    0xFF, 0xFF, 0x00, 0x00, 0x32, 0x75, 0x00, 0x00, 0x00, 0x00, 0x00, 0x00, 0x00, 0x00, 0x00, 0x00,
    0x04, 0x00, 0x00, 0x00, 0xFC, 0x32, 0x00, 0x00, 0x00, 0x00, 0x00, 0x00, 0x00, 0x00, 0x00, 0x00,
    0xFF, 0xFF, 0x00, 0x00, 0xF5, 0x03, 0x00, 0x00, 0x01, 0x00, 0x00, 0x00, 0xF4, 0x32, 0x00, 0x00,
    0x01, 0x00, 0x00, 0x00, 0xF0, 0x32, 0x00, 0x00, 0x01, 0x00, 0x00, 0x00, 0xEC, 0x32, 0x00, 0x00,
    0xFF, 0xFF, 0x00, 0x00, 0x27, 0x00, 0x00, 0x00, 0x00, 0x00, 0x00, 0x00, 0x07, 0x00, 0x00, 0x00,
    0x00, 0x00, 0x00, 0x00, 0x00, 0x00, 0x00, 0x00, 0x00, 0x00, 0x00, 0x00, 0x10, 0x00, 0x00, 0x00,
    0x00, 0x00, 0x00, 0x00, 0xC8, 0x32, 0x00, 0x00, 0x00, 0x00, 0x00, 0x00, 0x01, 0x00, 0x00, 0x00,
    0x30, 0x75, 0x00, 0x00, 0x00, 0x00, 0x00, 0x00, 0x00, 0x00, 0x00, 0x00, 0x03, 0x00, 0x00, 0x00,
    0x14, 0x33, 0x00, 0x00, 0x00, 0x00, 0x00, 0x00, 0x00, 0x00, 0x00, 0x00, 0xFF, 0xFF, 0x00, 0x00,
    0x30, 0x75, 0x00, 0x00, 0x00, 0x00, 0x00, 0x00, 0x00, 0x00, 0x00, 0x00, 0x04, 0x00, 0x00, 0x00,
    0x00, 0x33, 0x00, 0x00, 0x00, 0x00, 0x00, 0x00, 0x00, 0x00, 0x00, 0x00, 0xFF, 0xFF, 0x00, 0x00,
    0x30, 0x75, 0x00, 0x00, 0x00, 0x00, 0x00, 0x00, 0x00, 0x00, 0x00, 0x00, 0x03, 0x00, 0x00, 0x00,
    0xF0, 0x32, 0x00, 0x00, 0x00, 0x00, 0x00, 0x00, 0x00, 0x00, 0x00, 0x00, 0xFF, 0xFF, 0x00, 0x00,
    0x32, 0x75, 0x00, 0x00, 0x00, 0x00, 0x00, 0x00, 0x00, 0x00, 0x00, 0x00, 0x04, 0x00, 0x00, 0x00,
    0xDC, 0x32, 0x00, 0x00, 0x01, 0x00, 0x00, 0x00, 0xE4, 0x32, 0x00, 0x00, 0xFF, 0xFF, 0x00, 0x00,
    0x32, 0x75, 0x00, 0x00, 0x00, 0x00, 0x00, 0x00, 0x00, 0x00, 0x00, 0x00, 0x04, 0x00, 0x00, 0x00,
    0xD0, 0x32, 0x00, 0x00, 0x01, 0x00, 0x00, 0x00, 0xD8, 0x32, 0x00, 0x00, 0xFF, 0xFF, 0x00, 0x00,
    0x32, 0x75, 0x00, 0x00, 0x00, 0x00, 0x00, 0x00, 0x00, 0x00, 0x00, 0x00, 0x04, 0x00, 0x00, 0x00,
    0xC4, 0x32, 0x00, 0x00, 0x01, 0x00, 0x00, 0x00, 0xCC, 0x32, 0x00, 0x00, 0xFF, 0xFF, 0x00, 0x00,
    0x32, 0x75, 0x00, 0x00, 0x00, 0x00, 0x00, 0x00, 0x00, 0x00, 0x00, 0x00, 0x04, 0x00, 0x00, 0x00,
    0xB8, 0x32, 0x00, 0x00, 0x01, 0x00, 0x00, 0x00, 0xC0, 0x32, 0x00, 0x00, 0xFF, 0xFF, 0x00, 0x00,
    0x30, 0x75, 0x00, 0x00, 0x00, 0x00, 0x00, 0x00, 0x00, 0x00, 0x00, 0x00, 0x03, 0x00, 0x00, 0x00,
    0xAC, 0x32, 0x00, 0x00, 0x00, 0x00, 0x00, 0x00, 0x00, 0x00, 0x00, 0x00, 0xFF, 0xFF, 0x00, 0x00,
    0x09, 0x04, 0x00, 0x00, 0x00, 0x00, 0x00, 0x00, 0x00, 0x00, 0x00, 0x00, 0x07, 0x00, 0x00, 0x00,
    0x98, 0x32, 0x00, 0x00, 0x00, 0x00, 0x00, 0x00, 0x00, 0x00, 0x00, 0x00, 0xFF, 0xFF, 0x00, 0x00,
    0x12, 0x00, 0x01, 0x00, 0x01, 0x00, 0x00, 0x00, 0x09, 0x04, 0x00, 0x00, 0x00, 0x00, 0x00, 0x00,
    0x00, 0x00, 0x00, 0x00, 0x07, 0x00, 0x00, 0x00, 0x8C, 0x32, 0x00, 0x00, 0x00, 0x00, 0x00, 0x00,
    0x00, 0x00, 0x00, 0x00, 0xFF, 0xFF, 0x00, 0x00, 0x15, 0x00, 0x01, 0x00, 0x0C, 0x00, 0x00, 0x00,
    0x09, 0x04, 0x00, 0x00, 0x00, 0x00, 0x00, 0x00, 0x00, 0x00, 0x00, 0x00, 0x07, 0x00, 0x00, 0x00,
    0x80, 0x32, 0x00, 0x00, 0x00, 0x00, 0x00, 0x00, 0x00, 0x00, 0x00, 0x00, 0xFF, 0xFF, 0x00, 0x00,
    0x14, 0x00, 0x01, 0x00, 0x73, 0x00, 0x00, 0x00, 0x09, 0x04, 0x00, 0x00, 0x00, 0x00, 0x00, 0x00,
    0x00, 0x00, 0x00, 0x00, 0x07, 0x00, 0x00, 0x00, 0x74, 0x32, 0x00, 0x00, 0x00, 0x00, 0x00, 0x00,
    0x00, 0x00, 0x00, 0x00, 0xFF, 0xFF, 0x00, 0x00, 0x13, 0x00, 0x01, 0x00, 0x74, 0x00, 0x00, 0x00,
    0xEF, 0x03, 0x00, 0x00, 0x01, 0x00, 0x00, 0x00, 0x70, 0x32, 0x00, 0x00, 0x00, 0x00, 0x00, 0x00,
    0x00, 0x00, 0x00, 0x00, 0x01, 0x00, 0x00, 0x00, 0x64, 0x32, 0x00, 0x00, 0xFF, 0xFF, 0x00, 0x00,
    0x01, 0x00, 0x00, 0x00, 0x5C, 0x32, 0x00, 0x00, 0xEF, 0x03, 0x00, 0x00, 0x01, 0x00, 0x00, 0x00,
    0x54, 0x32, 0x00, 0x00, 0x00, 0x00, 0x00, 0x00, 0x00, 0x00, 0x00, 0x00, 0x01, 0x00, 0x00, 0x00,
    0x48, 0x32, 0x00, 0x00, 0xFF, 0xFF, 0x00, 0x00, 0x01, 0x00, 0x00, 0x00, 0x40, 0x32, 0x00, 0x00,
    0xEF, 0x03, 0x00, 0x00, 0x01, 0x00, 0x00, 0x00, 0x38, 0x32, 0x00, 0x00, 0x00, 0x00, 0x00, 0x00,
    0x00, 0x00, 0x00, 0x00, 0x01, 0x00, 0x00, 0x00, 0x2C, 0x32, 0x00, 0x00, 0xFF, 0xFF, 0x00, 0x00,
    0x01, 0x00, 0x00, 0x00, 0x24, 0x32, 0x00, 0x00, 0xEF, 0x03, 0x00, 0x00, 0x01, 0x00, 0x00, 0x00,
    0x1C, 0x32, 0x00, 0x00, 0x00, 0x00, 0x00, 0x00, 0x00, 0x00, 0x00, 0x00, 0x01, 0x00, 0x00, 0x00,
    0x10, 0x32, 0x00, 0x00, 0xFF, 0xFF, 0x00, 0x00, 0x01, 0x00, 0x00, 0x00, 0x08, 0x32, 0x00, 0x00,
    0x00, 0x00, 0x00, 0x00, 0x07, 0x00, 0x00, 0x00, 0x00, 0x00, 0x00, 0x00, 0x00, 0x00, 0x00, 0x00,
    0x00, 0x00, 0x00, 0x00, 0x30, 0x75, 0x00, 0x00, 0x00, 0x00, 0x00, 0x00, 0x00, 0x00, 0x00, 0x00,
    0x03, 0x00, 0x00, 0x00, 0xE4, 0x31, 0x00, 0x00, 0x00, 0x00, 0x00, 0x00, 0x00, 0x00, 0x00, 0x00,
    0xFF, 0xFF, 0x00, 0x00, 0x30, 0x75, 0x00, 0x00, 0x00, 0x00, 0x00, 0x00, 0x00, 0x00, 0x00, 0x00,
    0x04, 0x00, 0x00, 0x00, 0xD0, 0x31, 0x00, 0x00, 0x00, 0x00, 0x00, 0x00, 0x00, 0x00, 0x00, 0x00,
    0xFF, 0xFF, 0x00, 0x00, 0x30, 0x75, 0x00, 0x00, 0x00, 0x00, 0x00, 0x00, 0x00, 0x00, 0x00, 0x00,
    0x03, 0x00, 0x00, 0x00, 0xC0, 0x31, 0x00, 0x00, 0x01, 0x00, 0x00, 0x00, 0xC4, 0x31, 0x00, 0x00,
    0xFF, 0xFF, 0x00, 0x00, 0x32, 0x75, 0x00, 0x00, 0x00, 0x00, 0x00, 0x00, 0x00, 0x00, 0x00, 0x00,
    0x04, 0x00, 0x00, 0x00, 0xB0, 0x31, 0x00, 0x00, 0x00, 0x00, 0x00, 0x00, 0x00, 0x00, 0x00, 0x00,
    0xFF, 0xFF, 0x00, 0x00, 0x32, 0x75, 0x00, 0x00, 0x00, 0x00, 0x00, 0x00, 0x00, 0x00, 0x00, 0x00,
    0x03, 0x00, 0x00, 0x00, 0xA0, 0x31, 0x00, 0x00, 0x00, 0x00, 0x00, 0x00, 0x00, 0x00, 0x00, 0x00,
    0xFF, 0xFF, 0x00, 0x00, 0x30, 0x75, 0x00, 0x00, 0x00, 0x00, 0x00, 0x00, 0x00, 0x00, 0x00, 0x00,
    0x03, 0x00, 0x00, 0x00, 0x8C, 0x31, 0x00, 0x00, 0x00, 0x00, 0x00, 0x00, 0x00, 0x00, 0x00, 0x00,
    0xFF, 0xFF, 0x00, 0x00, 0x30, 0x75, 0x00, 0x00, 0x00, 0x00, 0x00, 0x00, 0x00, 0x00, 0x00, 0x00,
    0x03, 0x00, 0x00, 0x00, 0x78, 0x31, 0x00, 0x00, 0x00, 0x00, 0x00, 0x00, 0x00, 0x00, 0x00, 0x00,
    0xFF, 0xFF, 0x00, 0x00, 0x32, 0x75, 0x00, 0x00, 0x00, 0x00, 0x00, 0x00, 0x00, 0x00, 0x00, 0x00,
    0x03, 0x00, 0x00, 0x00, 0x64, 0x31, 0x00, 0x00, 0x00, 0x00, 0x00, 0x00, 0x00, 0x00, 0x00, 0x00,
    0xFF, 0xFF, 0x00, 0x00, 0x34, 0x75, 0x00, 0x00, 0x00, 0x00, 0x00, 0x00, 0x00, 0x00, 0x00, 0x00,
    0x03, 0x00, 0x00, 0x00, 0x50, 0x31, 0x00, 0x00, 0x00, 0x00, 0x00, 0x00, 0x00, 0x00, 0x00, 0x00,
    0xFF, 0xFF, 0x00, 0x00, 0x30, 0x75, 0x00, 0x00, 0x00, 0x00, 0x00, 0x00, 0x00, 0x00, 0x00, 0x00,
    0x03, 0x00, 0x00, 0x00, 0x3C, 0x31, 0x00, 0x00, 0x00, 0x00, 0x00, 0x00, 0x00, 0x00, 0x00, 0x00,
    0xFF, 0xFF, 0x00, 0x00, 0x32, 0x75, 0x00, 0x00, 0x00, 0x00, 0x00, 0x00, 0x00, 0x00, 0x00, 0x00,
    0x03, 0x00, 0x00, 0x00, 0x28, 0x31, 0x00, 0x00, 0x00, 0x00, 0x00, 0x00, 0x00, 0x00, 0x00, 0x00,
    0xFF, 0xFF, 0x00, 0x00, 0x38, 0x75, 0x00, 0x00, 0x00, 0x00, 0x00, 0x00, 0x00, 0x00, 0x00, 0x00,
    0x03, 0x00, 0x00, 0x00, 0x14, 0x31, 0x00, 0x00, 0x00, 0x00, 0x00, 0x00, 0x00, 0x00, 0x00, 0x00,
    0xFF, 0xFF, 0x00, 0x00, 0x30, 0x75, 0x00, 0x00, 0x00, 0x00, 0x00, 0x00, 0x00, 0x00, 0x00, 0x00,
    0x03, 0x00, 0x00, 0x00, 0x00, 0x31, 0x00, 0x00, 0x00, 0x00, 0x00, 0x00, 0x00, 0x00, 0x00, 0x00,
    0xFF, 0xFF, 0x00, 0x00, 0x32, 0x75, 0x00, 0x00, 0x00, 0x00, 0x00, 0x00, 0x00, 0x00, 0x00, 0x00,
    0x03, 0x00, 0x00, 0x00, 0xEC, 0x30, 0x00, 0x00, 0x00, 0x00, 0x00, 0x00, 0x00, 0x00, 0x00, 0x00,
    0xFF, 0xFF, 0x00, 0x00, 0x38, 0x75, 0x00, 0x00, 0x00, 0x00, 0x00, 0x00, 0x00, 0x00, 0x00, 0x00,
    0x03, 0x00, 0x00, 0x00, 0xD8, 0x30, 0x00, 0x00, 0x00, 0x00, 0x00, 0x00, 0x00, 0x00, 0x00, 0x00,
    0xFF, 0xFF, 0x00, 0x00, 0x30, 0x75, 0x00, 0x00, 0x00, 0x00, 0x00, 0x00, 0x00, 0x00, 0x00, 0x00,
    0x03, 0x00, 0x00, 0x00, 0xC4, 0x30, 0x00, 0x00, 0x00, 0x00, 0x00, 0x00, 0x00, 0x00, 0x00, 0x00,
    0xFF, 0xFF, 0x00, 0x00, 0x32, 0x75, 0x00, 0x00, 0x00, 0x00, 0x00, 0x00, 0x00, 0x00, 0x00, 0x00,
    0x03, 0x00, 0x00, 0x00, 0xB0, 0x30, 0x00, 0x00, 0x00, 0x00, 0x00, 0x00, 0x00, 0x00, 0x00, 0x00,
    0xFF, 0xFF, 0x00, 0x00, 0x38, 0x75, 0x00, 0x00, 0x00, 0x00, 0x00, 0x00, 0x00, 0x00, 0x00, 0x00,
    0x03, 0x00, 0x00, 0x00, 0x9C, 0x30, 0x00, 0x00, 0x00, 0x00, 0x00, 0x00, 0x00, 0x00, 0x00, 0x00,
    0xFF, 0xFF, 0x00, 0x00, 0x30, 0x75, 0x00, 0x00, 0x00, 0x00, 0x00, 0x00, 0x00, 0x00, 0x00, 0x00,
    0x03, 0x00, 0x00, 0x00, 0x88, 0x30, 0x00, 0x00, 0x00, 0x00, 0x00, 0x00, 0x00, 0x00, 0x00, 0x00,
    0xFF, 0xFF, 0x00, 0x00, 0x32, 0x75, 0x00, 0x00, 0x00, 0x00, 0x00, 0x00, 0x00, 0x00, 0x00, 0x00,
    0x03, 0x00, 0x00, 0x00, 0x74, 0x30, 0x00, 0x00, 0x00, 0x00, 0x00, 0x00, 0x00, 0x00, 0x00, 0x00,
    0xFF, 0xFF, 0x00, 0x00, 0x39, 0x75, 0x00, 0x00, 0x00, 0x00, 0x00, 0x00, 0x00, 0x00, 0x00, 0x00,
    0x03, 0x00, 0x00, 0x00, 0x60, 0x30, 0x00, 0x00, 0x00, 0x00, 0x00, 0x00, 0x00, 0x00, 0x00, 0x00,
    0xFF, 0xFF, 0x00, 0x00, 0x32, 0x75, 0x00, 0x00, 0x00, 0x00, 0x00, 0x00, 0x00, 0x00, 0x00, 0x00,
    0x04, 0x00, 0x00, 0x00, 0x4C, 0x30, 0x00, 0x00, 0x00, 0x00, 0x00, 0x00, 0x00, 0x00, 0x00, 0x00,
    0xFF, 0xFF, 0x00, 0x00, 0x39, 0x75, 0x00, 0x00, 0x00, 0x00, 0x00, 0x00, 0x00, 0x00, 0x00, 0x00,
    0x03, 0x00, 0x00, 0x00, 0x3C, 0x30, 0x00, 0x00, 0x00, 0x00, 0x00, 0x00, 0x00, 0x00, 0x00, 0x00,
    0xFF, 0xFF, 0x00, 0x00, 0x32, 0x75, 0x00, 0x00, 0x00, 0x00, 0x00, 0x00, 0x00, 0x00, 0x00, 0x00,
    0x04, 0x00, 0x00, 0x00, 0x28, 0x30, 0x00, 0x00, 0x00, 0x00, 0x00, 0x00, 0x00, 0x00, 0x00, 0x00,
    0xFF, 0xFF, 0x00, 0x00, 0xF5, 0x03, 0x00, 0x00, 0x01, 0x00, 0x00, 0x00, 0x20, 0x30, 0x00, 0x00,
    0x00, 0x00, 0x00, 0x00, 0x00, 0x00, 0x00, 0x00, 0x01, 0x00, 0x00, 0x00, 0x14, 0x30, 0x00, 0x00,
    0xFF, 0xFF, 0x00, 0x00, 0x28, 0x00, 0x00, 0x00, 0x00, 0x00, 0x00, 0x00, 0x02, 0x00, 0x00, 0x00,
    0x00, 0x00, 0x00, 0x00, 0x00, 0x00, 0x00, 0x00, 0x00, 0x00, 0x00, 0x00, 0x30, 0x75, 0x00, 0x00,
    0x00, 0x00, 0x00, 0x00, 0x00, 0x00, 0x00, 0x00, 0x03, 0x00, 0x00, 0x00, 0xE8, 0x2F, 0x00, 0x00,
    0x00, 0x00, 0x00, 0x00, 0x00, 0x00, 0x00, 0x00, 0xFF, 0xFF, 0x00, 0x00, 0x30, 0x75, 0x00, 0x00,
    0x00, 0x00, 0x00, 0x00, 0x00, 0x00, 0x00, 0x00, 0x03, 0x00, 0x00, 0x00, 0xD4, 0x2F, 0x00, 0x00,
    0x00, 0x00, 0x00, 0x00, 0x00, 0x00, 0x00, 0x00, 0xFF, 0xFF, 0x00, 0x00, 0x32, 0x75, 0x00, 0x00,
    0x00, 0x00, 0x00, 0x00, 0x00, 0x00, 0x00, 0x00, 0x04, 0x00, 0x00, 0x00, 0xC0, 0x2F, 0x00, 0x00,
    0x00, 0x00, 0x00, 0x00, 0x00, 0x00, 0x00, 0x00, 0xFF, 0xFF, 0x00, 0x00, 0x32, 0x75, 0x00, 0x00,
    0x00, 0x00, 0x00, 0x00, 0x00, 0x00, 0x00, 0x00, 0x04, 0x00, 0x00, 0x00, 0xB0, 0x2F, 0x00, 0x00,
    0x00, 0x00, 0x00, 0x00, 0x00, 0x00, 0x00, 0x00, 0xFF, 0xFF, 0x00, 0x00, 0x30, 0x75, 0x00, 0x00,
    0x00, 0x00, 0x00, 0x00, 0x00, 0x00, 0x00, 0x00, 0x03, 0x00, 0x00, 0x00, 0xA0, 0x2F, 0x00, 0x00,
    0x00, 0x00, 0x00, 0x00, 0x00, 0x00, 0x00, 0x00, 0xFF, 0xFF, 0x00, 0x00, 0x32, 0x75, 0x00, 0x00,
    0x00, 0x00, 0x00, 0x00, 0x00, 0x00, 0x00, 0x00, 0x04, 0x00, 0x00, 0x00, 0x8C, 0x2F, 0x00, 0x00,
    0x00, 0x00, 0x00, 0x00, 0x00, 0x00, 0x00, 0x00, 0xFF, 0xFF, 0x00, 0x00, 0x32, 0x75, 0x00, 0x00,
    0x00, 0x00, 0x00, 0x00, 0x00, 0x00, 0x00, 0x00, 0x04, 0x00, 0x00, 0x00, 0x7C, 0x2F, 0x00, 0x00,
    0x00, 0x00, 0x00, 0x00, 0x00, 0x00, 0x00, 0x00, 0xFF, 0xFF, 0x00, 0x00, 0x30, 0x75, 0x00, 0x00,
    0x00, 0x00, 0x00, 0x00, 0x00, 0x00, 0x00, 0x00, 0x03, 0x00, 0x00, 0x00, 0x6C, 0x2F, 0x00, 0x00,
    0x00, 0x00, 0x00, 0x00, 0x00, 0x00, 0x00, 0x00, 0xFF, 0xFF, 0x00, 0x00, 0x32, 0x75, 0x00, 0x00,
    0x00, 0x00, 0x00, 0x00, 0x00, 0x00, 0x00, 0x00, 0x04, 0x00, 0x00, 0x00, 0x58, 0x2F, 0x00, 0x00,
    0x00, 0x00, 0x00, 0x00, 0x00, 0x00, 0x00, 0x00, 0xFF, 0xFF, 0x00, 0x00, 0x32, 0x75, 0x00, 0x00,
    0x00, 0x00, 0x00, 0x00, 0x00, 0x00, 0x00, 0x00, 0x04, 0x00, 0x00, 0x00, 0x48, 0x2F, 0x00, 0x00,
    0x00, 0x00, 0x00, 0x00, 0x00, 0x00, 0x00, 0x00, 0xFF, 0xFF, 0x00, 0x00, 0x30, 0x75, 0x00, 0x00,
    0x00, 0x00, 0x00, 0x00, 0x00, 0x00, 0x00, 0x00, 0x03, 0x00, 0x00, 0x00, 0x38, 0x2F, 0x00, 0x00,
    0x00, 0x00, 0x00, 0x00, 0x00, 0x00, 0x00, 0x00, 0xFF, 0xFF, 0x00, 0x00, 0x32, 0x75, 0x00, 0x00,
    0x00, 0x00, 0x00, 0x00, 0x00, 0x00, 0x00, 0x00, 0x04, 0x00, 0x00, 0x00, 0x24, 0x2F, 0x00, 0x00,
    0x00, 0x00, 0x00, 0x00, 0x00, 0x00, 0x00, 0x00, 0xFF, 0xFF, 0x00, 0x00, 0x39, 0x75, 0x00, 0x00,
    0x00, 0x00, 0x00, 0x00, 0x00, 0x00, 0x00, 0x00, 0x03, 0x00, 0x00, 0x00, 0x14, 0x2F, 0x00, 0x00,
    0x01, 0x00, 0x00, 0x00, 0x18, 0x2F, 0x00, 0x00, 0xFF, 0xFF, 0x00, 0x00, 0x32, 0x75, 0x00, 0x00,
    0x00, 0x00, 0x00, 0x00, 0x00, 0x00, 0x00, 0x00, 0x04, 0x00, 0x00, 0x00, 0x04, 0x2F, 0x00, 0x00,
    0x00, 0x00, 0x00, 0x00, 0x00, 0x00, 0x00, 0x00, 0xFF, 0xFF, 0x00, 0x00, 0x30, 0x75, 0x00, 0x00,
    0x00, 0x00, 0x00, 0x00, 0x00, 0x00, 0x00, 0x00, 0x03, 0x00, 0x00, 0x00, 0xF4, 0x2E, 0x00, 0x00,
    0x00, 0x00, 0x00, 0x00, 0x00, 0x00, 0x00, 0x00, 0xFF, 0xFF, 0x00, 0x00, 0x30, 0x75, 0x00, 0x00,
    0x00, 0x00, 0x00, 0x00, 0x00, 0x00, 0x00, 0x00, 0x03, 0x00, 0x00, 0x00, 0xE0, 0x2E, 0x00, 0x00,
    0x00, 0x00, 0x00, 0x00, 0x00, 0x00, 0x00, 0x00, 0xFF, 0xFF, 0x00, 0x00, 0x32, 0x75, 0x00, 0x00,
    0x00, 0x00, 0x00, 0x00, 0x00, 0x00, 0x00, 0x00, 0x03, 0x00, 0x00, 0x00, 0xCC, 0x2E, 0x00, 0x00,
    0x00, 0x00, 0x00, 0x00, 0x00, 0x00, 0x00, 0x00, 0xFF, 0xFF, 0x00, 0x00, 0x34, 0x75, 0x00, 0x00,
    0x00, 0x00, 0x00, 0x00, 0x00, 0x00, 0x00, 0x00, 0x03, 0x00, 0x00, 0x00, 0xB8, 0x2E, 0x00, 0x00,
    0x00, 0x00, 0x00, 0x00, 0x00, 0x00, 0x00, 0x00, 0xFF, 0xFF, 0x00, 0x00, 0x30, 0x75, 0x00, 0x00,
    0x00, 0x00, 0x00, 0x00, 0x00, 0x00, 0x00, 0x00, 0x03, 0x00, 0x00, 0x00, 0xA4, 0x2E, 0x00, 0x00,
    0x00, 0x00, 0x00, 0x00, 0x00, 0x00, 0x00, 0x00, 0xFF, 0xFF, 0x00, 0x00, 0x32, 0x75, 0x00, 0x00,
    0x00, 0x00, 0x00, 0x00, 0x00, 0x00, 0x00, 0x00, 0x03, 0x00, 0x00, 0x00, 0x90, 0x2E, 0x00, 0x00,
    0x00, 0x00, 0x00, 0x00, 0x00, 0x00, 0x00, 0x00, 0xFF, 0xFF, 0x00, 0x00, 0x38, 0x75, 0x00, 0x00,
    0x00, 0x00, 0x00, 0x00, 0x00, 0x00, 0x00, 0x00, 0x03, 0x00, 0x00, 0x00, 0x7C, 0x2E, 0x00, 0x00,
    0x00, 0x00, 0x00, 0x00, 0x00, 0x00, 0x00, 0x00, 0xFF, 0xFF, 0x00, 0x00, 0x30, 0x75, 0x00, 0x00,
    0x00, 0x00, 0x00, 0x00, 0x00, 0x00, 0x00, 0x00, 0x04, 0x00, 0x00, 0x00, 0x68, 0x2E, 0x00, 0x00,
    0x00, 0x00, 0x00, 0x00, 0x00, 0x00, 0x00, 0x00, 0xFF, 0xFF, 0x00, 0x00, 0x30, 0x75, 0x00, 0x00,
    0x00, 0x00, 0x00, 0x00, 0x00, 0x00, 0x00, 0x00, 0x03, 0x00, 0x00, 0x00, 0x58, 0x2E, 0x00, 0x00,
    0x00, 0x00, 0x00, 0x00, 0x00, 0x00, 0x00, 0x00, 0xFF, 0xFF, 0x00, 0x00, 0x30, 0x75, 0x00, 0x00,
    0x00, 0x00, 0x00, 0x00, 0x00, 0x00, 0x00, 0x00, 0x03, 0x00, 0x00, 0x00, 0x44, 0x2E, 0x00, 0x00,
    0x00, 0x00, 0x00, 0x00, 0x00, 0x00, 0x00, 0x00, 0xFF, 0xFF, 0x00, 0x00, 0x32, 0x75, 0x00, 0x00,
    0x00, 0x00, 0x00, 0x00, 0x00, 0x00, 0x00, 0x00, 0x03, 0x00, 0x00, 0x00, 0x30, 0x2E, 0x00, 0x00,
    0x00, 0x00, 0x00, 0x00, 0x00, 0x00, 0x00, 0x00, 0xFF, 0xFF, 0x00, 0x00, 0x32, 0x75, 0x00, 0x00,
    0x00, 0x00, 0x00, 0x00, 0x00, 0x00, 0x00, 0x00, 0x04, 0x00, 0x00, 0x00, 0x1C, 0x2E, 0x00, 0x00,
    0x01, 0x00, 0x00, 0x00, 0x24, 0x2E, 0x00, 0x00, 0xFF, 0xFF, 0x00, 0x00, 0x30, 0x75, 0x00, 0x00,
    0x00, 0x00, 0x00, 0x00, 0x00, 0x00, 0x00, 0x00, 0x03, 0x00, 0x00, 0x00, 0x10, 0x2E, 0x00, 0x00,
    0x00, 0x00, 0x00, 0x00, 0x00, 0x00, 0x00, 0x00, 0xFF, 0xFF, 0x00, 0x00, 0x32, 0x75, 0x00, 0x00,
    0x00, 0x00, 0x00, 0x00, 0x00, 0x00, 0x00, 0x00, 0x03, 0x00, 0x00, 0x00, 0xFC, 0x2D, 0x00, 0x00,
    0x00, 0x00, 0x00, 0x00, 0x00, 0x00, 0x00, 0x00, 0xFF, 0xFF, 0x00, 0x00, 0x32, 0x75, 0x00, 0x00,
    0x00, 0x00, 0x00, 0x00, 0x00, 0x00, 0x00, 0x00, 0x04, 0x00, 0x00, 0x00, 0xE8, 0x2D, 0x00, 0x00,
    0x01, 0x00, 0x00, 0x00, 0xF0, 0x2D, 0x00, 0x00, 0xFF, 0xFF, 0x00, 0x00, 0x09, 0x04, 0x00, 0x00,
    0x00, 0x00, 0x00, 0x00, 0x00, 0x00, 0x00, 0x00, 0x08, 0x00, 0x00, 0x00, 0xDC, 0x2D, 0x00, 0x00,
    0x00, 0x00, 0x00, 0x00, 0x00, 0x00, 0x00, 0x00, 0xFF, 0xFF, 0x00, 0x00, 0x16, 0x00, 0x01, 0x00,
    0x01, 0x00, 0x00, 0x00, 0x09, 0x04, 0x00, 0x00, 0x00, 0x00, 0x00, 0x00, 0x00, 0x00, 0x00, 0x00,
    0x08, 0x00, 0x00, 0x00, 0xD4, 0x2D, 0x00, 0x00, 0x00, 0x00, 0x00, 0x00, 0x00, 0x00, 0x00, 0x00,
    0xFF, 0xFF, 0x00, 0x00, 0x17, 0x00, 0x01, 0x00, 0x39, 0x00, 0x00, 0x00, 0xEF, 0x03, 0x00, 0x00,
    0x01, 0x00, 0x00, 0x00, 0xD4, 0x2D, 0x00, 0x00, 0x00, 0x00, 0x00, 0x00, 0x00, 0x00, 0x00, 0x00,
    0x01, 0x00, 0x00, 0x00, 0xC8, 0x2D, 0x00, 0x00, 0xFF, 0xFF, 0x00, 0x00, 0x01, 0x00, 0x00, 0x00,
    0xC0, 0x2D, 0x00, 0x00, 0xEF, 0x03, 0x00, 0x00, 0x01, 0x00, 0x00, 0x00, 0xB8, 0x2D, 0x00, 0x00,
    0x00, 0x00, 0x00, 0x00, 0x00, 0x00, 0x00, 0x00, 0x01, 0x00, 0x00, 0x00, 0xAC, 0x2D, 0x00, 0x00,
    0xFF, 0xFF, 0x00, 0x00, 0x01, 0x00, 0x00, 0x00, 0xA4, 0x2D, 0x00, 0x00, 0x07, 0x00, 0x00, 0x00,
    0x00, 0x00, 0x00, 0x00, 0x00, 0x00, 0x00, 0x00, 0x00, 0x00, 0x00, 0x00, 0x30, 0x75, 0x00, 0x00,
    0x00, 0x00, 0x00, 0x00, 0x00, 0x00, 0x00, 0x00, 0x03, 0x00, 0x00, 0x00, 0x84, 0x2D, 0x00, 0x00,
    0x00, 0x00, 0x00, 0x00, 0x00, 0x00, 0x00, 0x00, 0xFF, 0xFF, 0x00, 0x00, 0x30, 0x75, 0x00, 0x00,
    0x00, 0x00, 0x00, 0x00, 0x00, 0x00, 0x00, 0x00, 0x03, 0x00, 0x00, 0x00, 0x70, 0x2D, 0x00, 0x00,
    0x00, 0x00, 0x00, 0x00, 0x00, 0x00, 0x00, 0x00, 0xFF, 0xFF, 0x00, 0x00, 0x32, 0x75, 0x00, 0x00,
    0x00, 0x00, 0x00, 0x00, 0x00, 0x00, 0x00, 0x00, 0x04, 0x00, 0x00, 0x00, 0x5C, 0x2D, 0x00, 0x00,
    0x01, 0x00, 0x00, 0x00, 0x64, 0x2D, 0x00, 0x00, 0xFF, 0xFF, 0x00, 0x00, 0x34, 0x75, 0x00, 0x00,
    0x00, 0x00, 0x00, 0x00, 0x00, 0x00, 0x00, 0x00, 0x04, 0x00, 0x00, 0x00, 0x50, 0x2D, 0x00, 0x00,
    0x01, 0x00, 0x00, 0x00, 0x58, 0x2D, 0x00, 0x00, 0xFF, 0xFF, 0x00, 0x00, 0x30, 0x75, 0x00, 0x00,
    0x00, 0x00, 0x00, 0x00, 0x00, 0x00, 0x00, 0x00, 0x04, 0x00, 0x00, 0x00, 0x44, 0x2D, 0x00, 0x00,
    0x00, 0x00, 0x00, 0x00, 0x00, 0x00, 0x00, 0x00, 0xFF, 0xFF, 0x00, 0x00, 0x30, 0x75, 0x00, 0x00,
    0x00, 0x00, 0x00, 0x00, 0x00, 0x00, 0x00, 0x00, 0x03, 0x00, 0x00, 0x00, 0x34, 0x2D, 0x00, 0x00,
    0x00, 0x00, 0x00, 0x00, 0x00, 0x00, 0x00, 0x00, 0xFF, 0xFF, 0x00, 0x00, 0x32, 0x75, 0x00, 0x00,
    0x00, 0x00, 0x00, 0x00, 0x00, 0x00, 0x00, 0x00, 0x04, 0x00, 0x00, 0x00, 0x20, 0x2D, 0x00, 0x00,
    0x00, 0x00, 0x00, 0x00, 0x00, 0x00, 0x00, 0x00, 0xFF, 0xFF, 0x00, 0x00, 0x30, 0x75, 0x00, 0x00,
    0x00, 0x00, 0x00, 0x00, 0x00, 0x00, 0x00, 0x00, 0x03, 0x00, 0x00, 0x00, 0x10, 0x2D, 0x00, 0x00,
    0x00, 0x00, 0x00, 0x00, 0x00, 0x00, 0x00, 0x00, 0xFF, 0xFF, 0x00, 0x00, 0x09, 0x04, 0x00, 0x00,
    0x00, 0x00, 0x00, 0x00, 0x00, 0x00, 0x00, 0x00, 0x08, 0x00, 0x00, 0x00, 0xFC, 0x2C, 0x00, 0x00,
    0x00, 0x00, 0x00, 0x00, 0x00, 0x00, 0x00, 0x00, 0xFF, 0xFF, 0x00, 0x00, 0x19, 0x00, 0x01, 0x00,
    0x01, 0x00, 0x00, 0x00, 0x09, 0x04, 0x00, 0x00, 0x00, 0x00, 0x00, 0x00, 0x00, 0x00, 0x00, 0x00,
    0x08, 0x00, 0x00, 0x00, 0xF4, 0x2C, 0x00, 0x00, 0x00, 0x00, 0x00, 0x00, 0x00, 0x00, 0x00, 0x00,
    0xFF, 0xFF, 0x00, 0x00, 0x19, 0x00, 0x01, 0x00, 0x06, 0x00, 0x00, 0x00, 0x09, 0x04, 0x00, 0x00,
    0x00, 0x00, 0x00, 0x00, 0x00, 0x00, 0x00, 0x00, 0x08, 0x00, 0x00, 0x00, 0xEC, 0x2C, 0x00, 0x00,
    0x00, 0x00, 0x00, 0x00, 0x00, 0x00, 0x00, 0x00, 0xFF, 0xFF, 0x00, 0x00, 0x19, 0x00, 0x01, 0x00,
    0x0B, 0x00, 0x00, 0x00, 0x09, 0x04, 0x00, 0x00, 0x00, 0x00, 0x00, 0x00, 0x00, 0x00, 0x00, 0x00,
    0x08, 0x00, 0x00, 0x00, 0xE4, 0x2C, 0x00, 0x00, 0x00, 0x00, 0x00, 0x00, 0x00, 0x00, 0x00, 0x00,
    0xFF, 0xFF, 0x00, 0x00, 0x19, 0x00, 0x01, 0x00, 0x10, 0x00, 0x00, 0x00, 0x09, 0x04, 0x00, 0x00,
    0x00, 0x00, 0x00, 0x00, 0x00, 0x00, 0x00, 0x00, 0x08, 0x00, 0x00, 0x00, 0xDC, 0x2C, 0x00, 0x00,
    0x00, 0x00, 0x00, 0x00, 0x00, 0x00, 0x00, 0x00, 0xFF, 0xFF, 0x00, 0x00, 0x19, 0x00, 0x01, 0x00,
    0x15, 0x00, 0x00, 0x00, 0x09, 0x04, 0x00, 0x00, 0x00, 0x00, 0x00, 0x00, 0x00, 0x00, 0x00, 0x00,
    0x08, 0x00, 0x00, 0x00, 0xD4, 0x2C, 0x00, 0x00, 0x00, 0x00, 0x00, 0x00, 0x00, 0x00, 0x00, 0x00,
    0xFF, 0xFF, 0x00, 0x00, 0x19, 0x00, 0x01, 0x00, 0x1A, 0x00, 0x00, 0x00, 0x09, 0x04, 0x00, 0x00,
    0x00, 0x00, 0x00, 0x00, 0x00, 0x00, 0x00, 0x00, 0x08, 0x00, 0x00, 0x00, 0xCC, 0x2C, 0x00, 0x00,
    0x00, 0x00, 0x00, 0x00, 0x00, 0x00, 0x00, 0x00, 0xFF, 0xFF, 0x00, 0x00, 0x19, 0x00, 0x01, 0x00,
    0x1F, 0x00, 0x00, 0x00, 0x09, 0x04, 0x00, 0x00, 0x00, 0x00, 0x00, 0x00, 0x00, 0x00, 0x00, 0x00,
    0x08, 0x00, 0x00, 0x00, 0xC4, 0x2C, 0x00, 0x00, 0x00, 0x00, 0x00, 0x00, 0x00, 0x00, 0x00, 0x00,
    0xFF, 0xFF, 0x00, 0x00, 0x19, 0x00, 0x01, 0x00, 0x24, 0x00, 0x00, 0x00, 0x09, 0x04, 0x00, 0x00,
    0x00, 0x00, 0x00, 0x00, 0x00, 0x00, 0x00, 0x00, 0x08, 0x00, 0x00, 0x00, 0xBC, 0x2C, 0x00, 0x00,
    0x00, 0x00, 0x00, 0x00, 0x00, 0x00, 0x00, 0x00, 0xFF, 0xFF, 0x00, 0x00, 0x19, 0x00, 0x01, 0x00,
    0x29, 0x00, 0x00, 0x00, 0x09, 0x04, 0x00, 0x00, 0x00, 0x00, 0x00, 0x00, 0x00, 0x00, 0x00, 0x00,
    0x08, 0x00, 0x00, 0x00, 0xB4, 0x2C, 0x00, 0x00, 0x00, 0x00, 0x00, 0x00, 0x00, 0x00, 0x00, 0x00,
    0xFF, 0xFF, 0x00, 0x00, 0x19, 0x00, 0x01, 0x00, 0x2E, 0x00, 0x00, 0x00, 0xEF, 0x03, 0x00, 0x00,
    0x01, 0x00, 0x00, 0x00, 0xB4, 0x2C, 0x00, 0x00, 0x00, 0x00, 0x00, 0x00, 0x00, 0x00, 0x00, 0x00,
    0x01, 0x00, 0x00, 0x00, 0xA8, 0x2C, 0x00, 0x00, 0xFF, 0xFF, 0x00, 0x00, 0x01, 0x00, 0x00, 0x00,
    0xA0, 0x2C, 0x00, 0x00, 0xF2, 0x03, 0x00, 0x00, 0x01, 0x00, 0x00, 0x00, 0x98, 0x2C, 0x00, 0x00,
    0x01, 0x00, 0x00, 0x00, 0x94, 0x2C, 0x00, 0x00, 0x03, 0x00, 0x00, 0x00, 0x90, 0x2C, 0x00, 0x00,
    0xFF, 0xFF, 0x00, 0x00, 0xF5, 0x03, 0x00, 0x00, 0x01, 0x00, 0x00, 0x00, 0x8C, 0x2C, 0x00, 0x00,
    0x00, 0x00, 0x00, 0x00, 0x00, 0x00, 0x00, 0x00, 0x01, 0x00, 0x00, 0x00, 0x80, 0x2C, 0x00, 0x00,
    0xFF, 0xFF, 0x00, 0x00, 0x34, 0x00, 0x00, 0x00, 0xF5, 0x03, 0x00, 0x00, 0x01, 0x00, 0x00, 0x00,
    0x70, 0x2C, 0x00, 0x00, 0x00, 0x00, 0x00, 0x00, 0x00, 0x00, 0x00, 0x00, 0x01, 0x00, 0x00, 0x00,
    0x64, 0x2C, 0x00, 0x00, 0xFF, 0xFF, 0x00, 0x00, 0x33, 0x00, 0x00, 0x00, 0xF5, 0x03, 0x00, 0x00,
    0x01, 0x00, 0x00, 0x00, 0x54, 0x2C, 0x00, 0x00, 0x00, 0x00, 0x00, 0x00, 0x00, 0x00, 0x00, 0x00,
    0x01, 0x00, 0x00, 0x00, 0x48, 0x2C, 0x00, 0x00, 0xFF, 0xFF, 0x00, 0x00, 0x35, 0x00, 0x00, 0x00,
    0xEF, 0x03, 0x00, 0x00, 0x01, 0x00, 0x00, 0x00, 0x38, 0x2C, 0x00, 0x00, 0x00, 0x00, 0x00, 0x00,
    0x00, 0x00, 0x00, 0x00, 0x01, 0x00, 0x00, 0x00, 0x2C, 0x2C, 0x00, 0x00, 0xFF, 0xFF, 0x00, 0x00,
    0x01, 0x00, 0x00, 0x00, 0x24, 0x2C, 0x00, 0x00, 0xEF, 0x03, 0x00, 0x00, 0x01, 0x00, 0x00, 0x00,
    0x1C, 0x2C, 0x00, 0x00, 0x00, 0x00, 0x00, 0x00, 0x00, 0x00, 0x00, 0x00, 0x01, 0x00, 0x00, 0x00,
    0x10, 0x2C, 0x00, 0x00, 0xFF, 0xFF, 0x00, 0x00, 0x01, 0x00, 0x00, 0x00, 0x08, 0x2C, 0x00, 0x00,
    0x00, 0x00, 0x00, 0x00, 0x07, 0x00, 0x00, 0x00, 0x00, 0x00, 0x00, 0x00, 0x00, 0x00, 0x00, 0x00,
    0x00, 0x00, 0x00, 0x00, 0x30, 0x75, 0x00, 0x00, 0x00, 0x00, 0x00, 0x00, 0x00, 0x00, 0x00, 0x00,
    0x03, 0x00, 0x00, 0x00, 0xE4, 0x2B, 0x00, 0x00, 0x00, 0x00, 0x00, 0x00, 0x00, 0x00, 0x00, 0x00,
    0xFF, 0xFF, 0x00, 0x00, 0x30, 0x75, 0x00, 0x00, 0x00, 0x00, 0x00, 0x00, 0x00, 0x00, 0x00, 0x00,
    0x03, 0x00, 0x00, 0x00, 0xD0, 0x2B, 0x00, 0x00, 0x00, 0x00, 0x00, 0x00, 0x00, 0x00, 0x00, 0x00,
    0xFF, 0xFF, 0x00, 0x00, 0x32, 0x75, 0x00, 0x00, 0x00, 0x00, 0x00, 0x00, 0x00, 0x00, 0x00, 0x00,
    0x04, 0x00, 0x00, 0x00, 0xBC, 0x2B, 0x00, 0x00, 0x01, 0x00, 0x00, 0x00, 0xC4, 0x2B, 0x00, 0x00,
    0xFF, 0xFF, 0x00, 0x00, 0x34, 0x75, 0x00, 0x00, 0x00, 0x00, 0x00, 0x00, 0x00, 0x00, 0x00, 0x00,
    0x04, 0x00, 0x00, 0x00, 0xB0, 0x2B, 0x00, 0x00, 0x01, 0x00, 0x00, 0x00, 0xB8, 0x2B, 0x00, 0x00,
    0xFF, 0xFF, 0x00, 0x00, 0x30, 0x75, 0x00, 0x00, 0x00, 0x00, 0x00, 0x00, 0x00, 0x00, 0x00, 0x00,
    0x03, 0x00, 0x00, 0x00, 0xA4, 0x2B, 0x00, 0x00, 0x00, 0x00, 0x00, 0x00, 0x00, 0x00, 0x00, 0x00,
    0xFF, 0xFF, 0x00, 0x00, 0x09, 0x04, 0x00, 0x00, 0x00, 0x00, 0x00, 0x00, 0x00, 0x00, 0x00, 0x00,
    0x08, 0x00, 0x00, 0x00, 0x90, 0x2B, 0x00, 0x00, 0x00, 0x00, 0x00, 0x00, 0x00, 0x00, 0x00, 0x00,
    0xFF, 0xFF, 0x00, 0x00, 0x18, 0x00, 0x01, 0x00, 0x01, 0x00, 0x00, 0x00, 0x09, 0x04, 0x00, 0x00,
    0x00, 0x00, 0x00, 0x00, 0x00, 0x00, 0x00, 0x00, 0x08, 0x00, 0x00, 0x00, 0x88, 0x2B, 0x00, 0x00,
    0x00, 0x00, 0x00, 0x00, 0x00, 0x00, 0x00, 0x00, 0xFF, 0xFF, 0x00, 0x00, 0x18, 0x00, 0x01, 0x00,
    0x05, 0x00, 0x00, 0x00, 0x09, 0x04, 0x00, 0x00, 0x00, 0x00, 0x00, 0x00, 0x00, 0x00, 0x00, 0x00,
    0x08, 0x00, 0x00, 0x00, 0x80, 0x2B, 0x00, 0x00, 0x00, 0x00, 0x00, 0x00, 0x00, 0x00, 0x00, 0x00,
    0xFF, 0xFF, 0x00, 0x00, 0x18, 0x00, 0x01, 0x00, 0x09, 0x00, 0x00, 0x00, 0x09, 0x04, 0x00, 0x00,
    0x00, 0x00, 0x00, 0x00, 0x00, 0x00, 0x00, 0x00, 0x08, 0x00, 0x00, 0x00, 0x78, 0x2B, 0x00, 0x00,
    0x00, 0x00, 0x00, 0x00, 0x00, 0x00, 0x00, 0x00, 0xFF, 0xFF, 0x00, 0x00, 0x18, 0x00, 0x01, 0x00,
    0x0D, 0x00, 0x00, 0x00, 0x09, 0x04, 0x00, 0x00, 0x00, 0x00, 0x00, 0x00, 0x00, 0x00, 0x00, 0x00,
    0x08, 0x00, 0x00, 0x00, 0x70, 0x2B, 0x00, 0x00, 0x00, 0x00, 0x00, 0x00, 0x00, 0x00, 0x00, 0x00,
    0xFF, 0xFF, 0x00, 0x00, 0x18, 0x00, 0x01, 0x00, 0x11, 0x00, 0x00, 0x00, 0x09, 0x04, 0x00, 0x00,
    0x00, 0x00, 0x00, 0x00, 0x00, 0x00, 0x00, 0x00, 0x08, 0x00, 0x00, 0x00, 0x68, 0x2B, 0x00, 0x00,
    0x00, 0x00, 0x00, 0x00, 0x00, 0x00, 0x00, 0x00, 0xFF, 0xFF, 0x00, 0x00, 0x18, 0x00, 0x01, 0x00,
    0x15, 0x00, 0x00, 0x00, 0x09, 0x04, 0x00, 0x00, 0x00, 0x00, 0x00, 0x00, 0x00, 0x00, 0x00, 0x00,
    0x08, 0x00, 0x00, 0x00, 0x60, 0x2B, 0x00, 0x00, 0x00, 0x00, 0x00, 0x00, 0x00, 0x00, 0x00, 0x00,
    0xFF, 0xFF, 0x00, 0x00, 0x18, 0x00, 0x01, 0x00, 0x19, 0x00, 0x00, 0x00, 0x09, 0x04, 0x00, 0x00,
    0x00, 0x00, 0x00, 0x00, 0x00, 0x00, 0x00, 0x00, 0x08, 0x00, 0x00, 0x00, 0x58, 0x2B, 0x00, 0x00,
    0x00, 0x00, 0x00, 0x00, 0x00, 0x00, 0x00, 0x00, 0xFF, 0xFF, 0x00, 0x00, 0x18, 0x00, 0x01, 0x00,
    0x1D, 0x00, 0x00, 0x00, 0x09, 0x04, 0x00, 0x00, 0x00, 0x00, 0x00, 0x00, 0x00, 0x00, 0x00, 0x00,
    0x08, 0x00, 0x00, 0x00, 0x50, 0x2B, 0x00, 0x00, 0x00, 0x00, 0x00, 0x00, 0x00, 0x00, 0x00, 0x00,
    0xFF, 0xFF, 0x00, 0x00, 0x18, 0x00, 0x01, 0x00, 0x21, 0x00, 0x00, 0x00, 0x09, 0x04, 0x00, 0x00,
    0x00, 0x00, 0x00, 0x00, 0x00, 0x00, 0x00, 0x00, 0x08, 0x00, 0x00, 0x00, 0x48, 0x2B, 0x00, 0x00,
    0x00, 0x00, 0x00, 0x00, 0x00, 0x00, 0x00, 0x00, 0xFF, 0xFF, 0x00, 0x00, 0x18, 0x00, 0x01, 0x00,
    0x25, 0x00, 0x00, 0x00, 0xEF, 0x03, 0x00, 0x00, 0x01, 0x00, 0x00, 0x00, 0x48, 0x2B, 0x00, 0x00,
    0x00, 0x00, 0x00, 0x00, 0x00, 0x00, 0x00, 0x00, 0x01, 0x00, 0x00, 0x00, 0x3C, 0x2B, 0x00, 0x00,
    0xFF, 0xFF, 0x00, 0x00, 0x01, 0x00, 0x00, 0x00, 0x34, 0x2B, 0x00, 0x00, 0xF2, 0x03, 0x00, 0x00,
    0x01, 0x00, 0x00, 0x00, 0x2C, 0x2B, 0x00, 0x00, 0x01, 0x00, 0x00, 0x00, 0x28, 0x2B, 0x00, 0x00,
    0x03, 0x00, 0x00, 0x00, 0x24, 0x2B, 0x00, 0x00, 0xFF, 0xFF, 0x00, 0x00, 0xF5, 0x03, 0x00, 0x00,
    0x01, 0x00, 0x00, 0x00, 0x20, 0x2B, 0x00, 0x00, 0x00, 0x00, 0x00, 0x00, 0x00, 0x00, 0x00, 0x00,
    0x01, 0x00, 0x00, 0x00, 0x14, 0x2B, 0x00, 0x00, 0xFF, 0xFF, 0x00, 0x00, 0x2F, 0x00, 0x00, 0x00,
    0xF5, 0x03, 0x00, 0x00, 0x01, 0x00, 0x00, 0x00, 0x04, 0x2B, 0x00, 0x00, 0x00, 0x00, 0x00, 0x00,
    0x00, 0x00, 0x00, 0x00, 0x01, 0x00, 0x00, 0x00, 0xF8, 0x2A, 0x00, 0x00, 0xFF, 0xFF, 0x00, 0x00,
    0x30, 0x00, 0x00, 0x00, 0x07, 0x00, 0x00, 0x00, 0x00, 0x00, 0x00, 0x00, 0x00, 0x00, 0x00, 0x00,
    0x00, 0x00, 0x00, 0x00, 0x02, 0x00, 0x00, 0x00, 0x00, 0x00, 0x00, 0x00, 0x00, 0x00, 0x00, 0x00,
    0x00, 0x00, 0x00, 0x00, 0x32, 0x75, 0x00, 0x00, 0x00, 0x00, 0x00, 0x00, 0x00, 0x00, 0x00, 0x00,
    0x04, 0x00, 0x00, 0x00, 0xC0, 0x2A, 0x00, 0x00, 0x00, 0x00, 0x00, 0x00, 0x00, 0x00, 0x00, 0x00,
    0xFF, 0xFF, 0x00, 0x00, 0x30, 0x75, 0x00, 0x00, 0x00, 0x00, 0x00, 0x00, 0x00, 0x00, 0x00, 0x00,
    0x04, 0x00, 0x00, 0x00, 0xB0, 0x2A, 0x00, 0x00, 0x01, 0x00, 0x00, 0x00, 0xB8, 0x2A, 0x00, 0x00,
    0xFF, 0xFF, 0x00, 0x00, 0x32, 0x75, 0x00, 0x00, 0x00, 0x00, 0x00, 0x00, 0x00, 0x00, 0x00, 0x00,
    0x04, 0x00, 0x00, 0x00, 0xA4, 0x2A, 0x00, 0x00, 0x00, 0x00, 0x00, 0x00, 0x00, 0x00, 0x00, 0x00,
    0xFF, 0xFF, 0x00, 0x00, 0x07, 0x00, 0x00, 0x00, 0x00, 0x00, 0x00, 0x00, 0x00, 0x00, 0x00, 0x00,
    0x00, 0x00, 0x00, 0x00, 0x32, 0x75, 0x00, 0x00, 0x00, 0x00, 0x00, 0x00, 0x00, 0x00, 0x00, 0x00,
    0x04, 0x00, 0x00, 0x00, 0x84, 0x2A, 0x00, 0x00, 0x00, 0x00, 0x00, 0x00, 0x00, 0x00, 0x00, 0x00,
    0xFF, 0xFF, 0x00, 0x00, 0x30, 0x75, 0x00, 0x00, 0x00, 0x00, 0x00, 0x00, 0x00, 0x00, 0x00, 0x00,
    0x04, 0x00, 0x00, 0x00, 0x74, 0x2A, 0x00, 0x00, 0x01, 0x00, 0x00, 0x00, 0x7C, 0x2A, 0x00, 0x00,
    0xFF, 0xFF, 0x00, 0x00, 0x32, 0x75, 0x00, 0x00, 0x00, 0x00, 0x00, 0x00, 0x00, 0x00, 0x00, 0x00,
    0x04, 0x00, 0x00, 0x00, 0x68, 0x2A, 0x00, 0x00, 0x00, 0x00, 0x00, 0x00, 0x00, 0x00, 0x00, 0x00,
    0xFF, 0xFF, 0x00, 0x00, 0x32, 0x75, 0x00, 0x00, 0x00, 0x00, 0x00, 0x00, 0x00, 0x00, 0x00, 0x00,
    0x04, 0x00, 0x00, 0x00, 0x58, 0x2A, 0x00, 0x00, 0x00, 0x00, 0x00, 0x00, 0x00, 0x00, 0x00, 0x00,
    0xFF, 0xFF, 0x00, 0x00, 0x14, 0x04, 0x00, 0x00, 0x01, 0x00, 0x00, 0x00, 0x50, 0x2A, 0x00, 0x00,
    0x00, 0x00, 0x00, 0x00, 0x00, 0x00, 0x00, 0x00, 0x01, 0x00, 0x00, 0x00, 0x44, 0x2A, 0x00, 0x00,
    0xFF, 0xFF, 0x00, 0x00, 0x01, 0x00, 0x00, 0x00, 0x3C, 0x2A, 0x00, 0x00, 0xEF, 0x03, 0x00, 0x00,
    0x01, 0x00, 0x00, 0x00, 0x34, 0x2A, 0x00, 0x00, 0x00, 0x00, 0x00, 0x00, 0x00, 0x00, 0x00, 0x00,
    0x01, 0x00, 0x00, 0x00, 0x28, 0x2A, 0x00, 0x00, 0xFF, 0xFF, 0x00, 0x00, 0x01, 0x00, 0x00, 0x00,
    0x20, 0x2A, 0x00, 0x00, 0x07, 0x00, 0x00, 0x00, 0x00, 0x00, 0x00, 0x00, 0x00, 0x00, 0x00, 0x00,
    0x00, 0x00, 0x00, 0x00, 0x09, 0x04, 0x00, 0x00, 0x00, 0x00, 0x00, 0x00, 0x00, 0x00, 0x00, 0x00,
    0x07, 0x00, 0x00, 0x00, 0x00, 0x2A, 0x00, 0x00, 0x00, 0x00, 0x00, 0x00, 0x00, 0x00, 0x00, 0x00,
    0xFF, 0xFF, 0x00, 0x00, 0x08, 0x00, 0x01, 0x00, 0x01, 0x00, 0x00, 0x00, 0x30, 0x75, 0x00, 0x00,
    0x00, 0x00, 0x00, 0x00, 0x00, 0x00, 0x00, 0x00, 0x03, 0x00, 0x00, 0x00, 0xF4, 0x29, 0x00, 0x00,
    0x00, 0x00, 0x00, 0x00, 0x00, 0x00, 0x00, 0x00, 0xFF, 0xFF, 0x00, 0x00, 0x30, 0x75, 0x00, 0x00,
    0x00, 0x00, 0x00, 0x00, 0x00, 0x00, 0x00, 0x00, 0x03, 0x00, 0x00, 0x00, 0xE0, 0x29, 0x00, 0x00,
    0x00, 0x00, 0x00, 0x00, 0x00, 0x00, 0x00, 0x00, 0xFF, 0xFF, 0x00, 0x00, 0x09, 0x04, 0x00, 0x00,
    0x00, 0x00, 0x00, 0x00, 0x00, 0x00, 0x00, 0x00, 0x07, 0x00, 0x00, 0x00, 0xCC, 0x29, 0x00, 0x00,
    0x00, 0x00, 0x00, 0x00, 0x00, 0x00, 0x00, 0x00, 0xFF, 0xFF, 0x00, 0x00, 0x07, 0x00, 0x01, 0x00,
    0x02, 0x00, 0x00, 0x00, 0x09, 0x04, 0x00, 0x00, 0x00, 0x00, 0x00, 0x00, 0x00, 0x00, 0x00, 0x00,
    0x07, 0x00, 0x00, 0x00, 0xC0, 0x29, 0x00, 0x00, 0x00, 0x00, 0x00, 0x00, 0x00, 0x00, 0x00, 0x00,
    0xFF, 0xFF, 0x00, 0x00, 0x06, 0x00, 0x01, 0x00, 0x03, 0x00, 0x00, 0x00, 0x30, 0x75, 0x00, 0x00,
    0x00, 0x00, 0x00, 0x00, 0x00, 0x00, 0x00, 0x00, 0x03, 0x00, 0x00, 0x00, 0xB4, 0x29, 0x00, 0x00,
    0x00, 0x00, 0x00, 0x00, 0x00, 0x00, 0x00, 0x00, 0xFF, 0xFF, 0x00, 0x00, 0x30, 0x75, 0x00, 0x00,
    0x00, 0x00, 0x00, 0x00, 0x00, 0x00, 0x00, 0x00, 0x03, 0x00, 0x00, 0x00, 0xA0, 0x29, 0x00, 0x00,
    0x00, 0x00, 0x00, 0x00, 0x00, 0x00, 0x00, 0x00, 0xFF, 0xFF, 0x00, 0x00, 0x32, 0x75, 0x00, 0x00,
    0x00, 0x00, 0x00, 0x00, 0x00, 0x00, 0x00, 0x00, 0x03, 0x00, 0x00, 0x00, 0x8C, 0x29, 0x00, 0x00,
    0x00, 0x00, 0x00, 0x00, 0x00, 0x00, 0x00, 0x00, 0xFF, 0xFF, 0x00, 0x00, 0x30, 0x75, 0x00, 0x00,
    0x00, 0x00, 0x00, 0x00, 0x00, 0x00, 0x00, 0x00, 0x03, 0x00, 0x00, 0x00, 0x78, 0x29, 0x00, 0x00,
    0x00, 0x00, 0x00, 0x00, 0x00, 0x00, 0x00, 0x00, 0xFF, 0xFF, 0x00, 0x00, 0x38, 0x75, 0x00, 0x00,
    0x00, 0x00, 0x00, 0x00, 0x00, 0x00, 0x00, 0x00, 0x04, 0x00, 0x00, 0x00, 0x64, 0x29, 0x00, 0x00,
    0x01, 0x00, 0x00, 0x00, 0x6C, 0x29, 0x00, 0x00, 0xFF, 0xFF, 0x00, 0x00, 0xF5, 0x03, 0x00, 0x00,
    0x01, 0x00, 0x00, 0x00, 0x60, 0x29, 0x00, 0x00, 0x02, 0x00, 0x00, 0x00, 0x5C, 0x29, 0x00, 0x00,
    0x01, 0x00, 0x00, 0x00, 0x5C, 0x29, 0x00, 0x00, 0xFF, 0xFF, 0x00, 0x00, 0x31, 0x00, 0x00, 0x00,
    0x00, 0x00, 0x00, 0x00, 0x07, 0x00, 0x00, 0x00, 0x00, 0x00, 0x00, 0x00, 0x00, 0x00, 0x00, 0x00,
    0x00, 0x00, 0x00, 0x00, 0x07, 0x00, 0x00, 0x00, 0x00, 0x00, 0x00, 0x00, 0x00, 0x00, 0x00, 0x00,
    0x00, 0x00, 0x00, 0x00, 0x30, 0x75, 0x00, 0x00, 0x00, 0x00, 0x00, 0x00, 0x00, 0x00, 0x00, 0x00,
    0x03, 0x00, 0x00, 0x00, 0x20, 0x29, 0x00, 0x00, 0x00, 0x00, 0x00, 0x00, 0x00, 0x00, 0x00, 0x00,
    0xFF, 0xFF, 0x00, 0x00, 0x30, 0x75, 0x00, 0x00, 0x00, 0x00, 0x00, 0x00, 0x00, 0x00, 0x00, 0x00,
    0x03, 0x00, 0x00, 0x00, 0x0C, 0x29, 0x00, 0x00, 0x00, 0x00, 0x00, 0x00, 0x00, 0x00, 0x00, 0x00,
    0xFF, 0xFF, 0x00, 0x00, 0x32, 0x75, 0x00, 0x00, 0x00, 0x00, 0x00, 0x00, 0x00, 0x00, 0x00, 0x00,
    0x03, 0x00, 0x00, 0x00, 0xF8, 0x28, 0x00, 0x00, 0x00, 0x00, 0x00, 0x00, 0x00, 0x00, 0x00, 0x00,
    0xFF, 0xFF, 0x00, 0x00, 0x30, 0x75, 0x00, 0x00, 0x00, 0x00, 0x00, 0x00, 0x00, 0x00, 0x00, 0x00,
    0x03, 0x00, 0x00, 0x00, 0xE4, 0x28, 0x00, 0x00, 0x00, 0x00, 0x00, 0x00, 0x00, 0x00, 0x00, 0x00,
    0xFF, 0xFF, 0x00, 0x00, 0x34, 0x75, 0x00, 0x00, 0x00, 0x00, 0x00, 0x00, 0x00, 0x00, 0x00, 0x00,
    0x04, 0x00, 0x00, 0x00, 0xD0, 0x28, 0x00, 0x00, 0x01, 0x00, 0x00, 0x00, 0xD8, 0x28, 0x00, 0x00,
    0xFF, 0xFF, 0x00, 0x00, 0xF5, 0x03, 0x00, 0x00, 0x01, 0x00, 0x00, 0x00, 0xCC, 0x28, 0x00, 0x00,
    0x01, 0x00, 0x00, 0x00, 0xC8, 0x28, 0x00, 0x00, 0x01, 0x00, 0x00, 0x00, 0xC4, 0x28, 0x00, 0x00,
    0xFF, 0xFF, 0x00, 0x00, 0x32, 0x00, 0x00, 0x00, 0x00, 0x00, 0x00, 0x00, 0x07, 0x00, 0x00, 0x00,
    0x00, 0x00, 0x00, 0x00, 0x00, 0x00, 0x00, 0x00, 0x00, 0x00, 0x00, 0x00, 0x02, 0x00, 0x00, 0x00,
    0x00, 0x00, 0x00, 0x00, 0x00, 0x00, 0x00, 0x00, 0x00, 0x00, 0x00, 0x00, 0x30, 0x75, 0x00, 0x00,
    0x00, 0x00, 0x00, 0x00, 0x00, 0x00, 0x00, 0x00, 0x03, 0x00, 0x00, 0x00, 0x88, 0x28, 0x00, 0x00,
    0x00, 0x00, 0x00, 0x00, 0x00, 0x00, 0x00, 0x00, 0xFF, 0xFF, 0x00, 0x00, 0x30, 0x75, 0x00, 0x00,
    0x00, 0x00, 0x00, 0x00, 0x00, 0x00, 0x00, 0x00, 0x03, 0x00, 0x00, 0x00, 0x74, 0x28, 0x00, 0x00,
    0x00, 0x00, 0x00, 0x00, 0x00, 0x00, 0x00, 0x00, 0xFF, 0xFF, 0x00, 0x00, 0x36, 0x75, 0x00, 0x00,
    0x00, 0x00, 0x00, 0x00, 0x00, 0x00, 0x00, 0x00, 0x03, 0x00, 0x00, 0x00, 0x60, 0x28, 0x00, 0x00,
    0x00, 0x00, 0x00, 0x00, 0x00, 0x00, 0x00, 0x00, 0xFF, 0xFF, 0x00, 0x00, 0x32, 0x75, 0x00, 0x00,
    0x00, 0x00, 0x00, 0x00, 0x00, 0x00, 0x00, 0x00, 0x03, 0x00, 0x00, 0x00, 0x4C, 0x28, 0x00, 0x00,
    0x00, 0x00, 0x00, 0x00, 0x00, 0x00, 0x00, 0x00, 0xFF, 0xFF, 0x00, 0x00, 0x30, 0x75, 0x00, 0x00,
    0x00, 0x00, 0x00, 0x00, 0x00, 0x00, 0x00, 0x00, 0x03, 0x00, 0x00, 0x00, 0x38, 0x28, 0x00, 0x00,
    0x00, 0x00, 0x00, 0x00, 0x00, 0x00, 0x00, 0x00, 0xFF, 0xFF, 0x00, 0x00, 0x32, 0x75, 0x00, 0x00,
    0x00, 0x00, 0x00, 0x00, 0x00, 0x00, 0x00, 0x00, 0x03, 0x00, 0x00, 0x00, 0x24, 0x28, 0x00, 0x00,
    0x00, 0x00, 0x00, 0x00, 0x00, 0x00, 0x00, 0x00, 0xFF, 0xFF, 0x00, 0x00, 0x32, 0x75, 0x00, 0x00,
    0x00, 0x00, 0x00, 0x00, 0x00, 0x00, 0x00, 0x00, 0x03, 0x00, 0x00, 0x00, 0x10, 0x28, 0x00, 0x00,
    0x00, 0x00, 0x00, 0x00, 0x00, 0x00, 0x00, 0x00, 0xFF, 0xFF, 0x00, 0x00, 0x07, 0x00, 0x00, 0x00,
    0x00, 0x00, 0x00, 0x00, 0x00, 0x00, 0x00, 0x00, 0x00, 0x00, 0x00, 0x00, 0x3A, 0x75, 0x00, 0x00,
    0x00, 0x00, 0x00, 0x00, 0x00, 0x00, 0x00, 0x00, 0x03, 0x00, 0x00, 0x00, 0xEC, 0x27, 0x00, 0x00,
    0x00, 0x00, 0x00, 0x00, 0x00, 0x00, 0x00, 0x00, 0xFF, 0xFF, 0x00, 0x00, 0x3B, 0x75, 0x00, 0x00,
    0x00, 0x00, 0x00, 0x00, 0x00, 0x00, 0x00, 0x00, 0x03, 0x00, 0x00, 0x00, 0xD8, 0x27, 0x00, 0x00,
    0x00, 0x00, 0x00, 0x00, 0x00, 0x00, 0x00, 0x00, 0xFF, 0xFF, 0x00, 0x00, 0x32, 0x75, 0x00, 0x00,
    0x00, 0x00, 0x00, 0x00, 0x00, 0x00, 0x00, 0x00, 0x03, 0x00, 0x00, 0x00, 0xC4, 0x27, 0x00, 0x00,
    0x00, 0x00, 0x00, 0x00, 0x00, 0x00, 0x00, 0x00, 0xFF, 0xFF, 0x00, 0x00, 0x0E, 0x00, 0x00, 0x00,
    0x00, 0x00, 0x00, 0x00, 0xB8, 0x27, 0x00, 0x00, 0x00, 0x00, 0x00, 0x00, 0x32, 0x75, 0x00, 0x00,
    0x00, 0x00, 0x00, 0x00, 0x00, 0x00, 0x00, 0x00, 0x04, 0x00, 0x00, 0x00, 0xA4, 0x27, 0x00, 0x00,
    0x00, 0x00, 0x00, 0x00, 0x00, 0x00, 0x00, 0x00, 0xFF, 0xFF, 0x00, 0x00, 0x30, 0x75, 0x00, 0x00,
    0x00, 0x00, 0x00, 0x00, 0x00, 0x00, 0x00, 0x00, 0x03, 0x00, 0x00, 0x00, 0x94, 0x27, 0x00, 0x00,
    0x00, 0x00, 0x00, 0x00, 0x00, 0x00, 0x00, 0x00, 0xFF, 0xFF, 0x00, 0x00, 0x32, 0x75, 0x00, 0x00,
    0x00, 0x00, 0x00, 0x00, 0x00, 0x00, 0x00, 0x00, 0x03, 0x00, 0x00, 0x00, 0x80, 0x27, 0x00, 0x00,
    0x00, 0x00, 0x00, 0x00, 0x00, 0x00, 0x00, 0x00, 0xFF, 0xFF, 0x00, 0x00, 0xEF, 0x03, 0x00, 0x00,
    0x00, 0x00, 0x00, 0x00, 0x00, 0x00, 0x00, 0x00, 0x00, 0x00, 0x00, 0x00, 0x00, 0x00, 0x00, 0x00,
    0x01, 0x00, 0x00, 0x00, 0x64, 0x27, 0x00, 0x00, 0xFF, 0xFF, 0x00, 0x00, 0x01, 0x00, 0x00, 0x00,
    0x5C, 0x27, 0x00, 0x00, 0x07, 0x00, 0x00, 0x00, 0x00, 0x00, 0x00, 0x00, 0x00, 0x00, 0x00, 0x00,
    0x00, 0x00, 0x00, 0x00, 0x05, 0x00, 0x00, 0x00, 0x00, 0x40, 0x00, 0x00, 0x0E, 0x00, 0x00, 0x00,
    0x00, 0x00, 0x00, 0x00, 0x3C, 0x27, 0x00, 0x00, 0x00, 0x00, 0x00, 0x00, 0x0E, 0x00, 0x00, 0x00,
    0x00, 0x00, 0x00, 0x00, 0x30, 0x27, 0x00, 0x00, 0x00, 0x00, 0x00, 0x00, 0x02, 0x00, 0x00, 0x00,
    0x00, 0x00, 0x00, 0x00, 0x00, 0x00, 0x00, 0x00, 0x00, 0x00, 0x00, 0x00, 0x07, 0x00, 0x00, 0x00,
    0x00, 0x00, 0x00, 0x00, 0x00, 0x00, 0x00, 0x00, 0x00, 0x00, 0x00, 0x00, 0x07, 0x00, 0x00, 0x00,
    0x00, 0x00, 0x00, 0x00, 0x00, 0x00, 0x00, 0x00, 0x00, 0x00, 0x00, 0x00, 0x05, 0x00, 0x00, 0x00,
    0x00, 0x40, 0x00, 0x00, 0x0E, 0x00, 0x00, 0x00, 0x00, 0x00, 0x00, 0x00, 0xEC, 0x26, 0x00, 0x00,
    0x00, 0x00, 0x00, 0x00, 0x0E, 0x00, 0x00, 0x00, 0x00, 0x00, 0x00, 0x00, 0xE0, 0x26, 0x00, 0x00,
    0x00, 0x00, 0x00, 0x00, 0x02, 0x00, 0x00, 0x00, 0x00, 0x00, 0x00, 0x00, 0x00, 0x00, 0x00, 0x00,
    0x00, 0x00, 0x00, 0x00, 0x07, 0x00, 0x00, 0x00, 0x00, 0x00, 0x00, 0x00, 0x00, 0x00, 0x00, 0x00,
    0x00, 0x00, 0x00, 0x00, 0x07, 0x00, 0x00, 0x00, 0x00, 0x00, 0x00, 0x00, 0x00, 0x00, 0x00, 0x00,
    0x00, 0x00, 0x00, 0x00, 0x05, 0x00, 0x00, 0x00, 0x00, 0x40, 0x00, 0x00, 0x0E, 0x00, 0x00, 0x00,
    0x00, 0x00, 0x00, 0x00, 0x9C, 0x26, 0x00, 0x00, 0x00, 0x00, 0x00, 0x00, 0x0E, 0x00, 0x00, 0x00,
    0x00, 0x00, 0x00, 0x00, 0x90, 0x26, 0x00, 0x00, 0x00, 0x00, 0x00, 0x00, 0x02, 0x00, 0x00, 0x00,
    0x00, 0x00, 0x00, 0x00, 0x00, 0x00, 0x00, 0x00, 0x00, 0x00, 0x00, 0x00, 0x07, 0x00, 0x00, 0x00,
    0x00, 0x00, 0x00, 0x00, 0x00, 0x00, 0x00, 0x00, 0x00, 0x00, 0x00, 0x00, 0x07, 0x00, 0x00, 0x00,
    0x00, 0x00, 0x00, 0x00, 0x00, 0x00, 0x00, 0x00, 0x00, 0x00, 0x00, 0x00, 0x05, 0x00, 0x00, 0x00,
    0x00, 0x40, 0x00, 0x00, 0x0E, 0x00, 0x00, 0x00, 0x00, 0x00, 0x00, 0x00, 0x4C, 0x26, 0x00, 0x00,
    0x00, 0x00, 0x00, 0x00, 0x0E, 0x00, 0x00, 0x00, 0x00, 0x00, 0x00, 0x00, 0x40, 0x26, 0x00, 0x00,
    0x00, 0x00, 0x00, 0x00, 0x02, 0x00, 0x00, 0x00, 0x00, 0x00, 0x00, 0x00, 0x00, 0x00, 0x00, 0x00,
    0x00, 0x00, 0x00, 0x00, 0x07, 0x00, 0x00, 0x00, 0x00, 0x00, 0x00, 0x00, 0x00, 0x00, 0x00, 0x00,
    0x00, 0x00, 0x00, 0x00, 0x07, 0x00, 0x00, 0x00, 0x00, 0x00, 0x00, 0x00, 0x00, 0x00, 0x00, 0x00,
    0x00, 0x00, 0x00, 0x00, 0x05, 0x00, 0x00, 0x00, 0x00, 0x40, 0x00, 0x00, 0x0E, 0x00, 0x00, 0x00,
    0x00, 0x00, 0x00, 0x00, 0xFC, 0x25, 0x00, 0x00, 0x00, 0x00, 0x00, 0x00, 0x0E, 0x00, 0x00, 0x00,
    0x00, 0x00, 0x00, 0x00, 0xF0, 0x25, 0x00, 0x00, 0x00, 0x00, 0x00, 0x00, 0x02, 0x00, 0x00, 0x00,
    0x00, 0x00, 0x00, 0x00, 0x00, 0x00, 0x00, 0x00, 0x00, 0x00, 0x00, 0x00, 0x07, 0x00, 0x00, 0x00,
    0x00, 0x00, 0x00, 0x00, 0x00, 0x00, 0x00, 0x00, 0x00, 0x00, 0x00, 0x00, 0x07, 0x00, 0x00, 0x00,
    0x00, 0x00, 0x00, 0x00, 0x00, 0x00, 0x00, 0x00, 0x00, 0x00, 0x00, 0x00, 0x05, 0x00, 0x00, 0x00,
    0x00, 0x40, 0x00, 0x00, 0x0E, 0x00, 0x00, 0x00, 0x00, 0x00, 0x00, 0x00, 0xAC, 0x25, 0x00, 0x00,
    0x00, 0x00, 0x00, 0x00, 0x0E, 0x00, 0x00, 0x00, 0x00, 0x00, 0x00, 0x00, 0xA0, 0x25, 0x00, 0x00,
    0x00, 0x00, 0x00, 0x00, 0x02, 0x00, 0x00, 0x00, 0x00, 0x00, 0x00, 0x00, 0x00, 0x00, 0x00, 0x00,
    0x00, 0x00, 0x00, 0x00, 0x07, 0x00, 0x00, 0x00, 0x00, 0x00, 0x00, 0x00, 0x00, 0x00, 0x00, 0x00,
    0x00, 0x00, 0x00, 0x00, 0x07, 0x00, 0x00, 0x00, 0x00, 0x00, 0x00, 0x00, 0x00, 0x00, 0x00, 0x00,
    0x00, 0x00, 0x00, 0x00, 0x05, 0x00, 0x00, 0x00, 0x00, 0x40, 0x00, 0x00, 0x0E, 0x00, 0x00, 0x00,
    0x00, 0x00, 0x00, 0x00, 0x5C, 0x25, 0x00, 0x00, 0x00, 0x00, 0x00, 0x00, 0x0E, 0x00, 0x00, 0x00,
    0x00, 0x00, 0x00, 0x00, 0x50, 0x25, 0x00, 0x00, 0x00, 0x00, 0x00, 0x00, 0x02, 0x00, 0x00, 0x00,
    0x00, 0x00, 0x00, 0x00, 0x00, 0x00, 0x00, 0x00, 0x00, 0x00, 0x00, 0x00, 0x07, 0x00, 0x00, 0x00,
    0x00, 0x00, 0x00, 0x00, 0x00, 0x00, 0x00, 0x00, 0x00, 0x00, 0x00, 0x00, 0x07, 0x00, 0x00, 0x00,
    0x00, 0x00, 0x00, 0x00, 0x00, 0x00, 0x00, 0x00, 0x00, 0x00, 0x00, 0x00, 0x05, 0x00, 0x00, 0x00,
    0x00, 0x40, 0x00, 0x00, 0x0E, 0x00, 0x00, 0x00, 0x00, 0x00, 0x00, 0x00, 0x0C, 0x25, 0x00, 0x00,
    0x00, 0x00, 0x00, 0x00, 0x0E, 0x00, 0x00, 0x00, 0x00, 0x00, 0x00, 0x00, 0x00, 0x25, 0x00, 0x00,
    0x00, 0x00, 0x00, 0x00, 0x02, 0x00, 0x00, 0x00, 0x00, 0x00, 0x00, 0x00, 0x00, 0x00, 0x00, 0x00,
    0x00, 0x00, 0x00, 0x00, 0x07, 0x00, 0x00, 0x00, 0x00, 0x00, 0x00, 0x00, 0x00, 0x00, 0x00, 0x00,
    0x00, 0x00, 0x00, 0x00, 0x07, 0x00, 0x00, 0x00, 0x00, 0x00, 0x00, 0x00, 0x00, 0x00, 0x00, 0x00,
    0x00, 0x00, 0x00, 0x00, 0x05, 0x00, 0x00, 0x00, 0x00, 0x40, 0x00, 0x00, 0x0E, 0x00, 0x00, 0x00,
    0x00, 0x00, 0x00, 0x00, 0xBC, 0x24, 0x00, 0x00, 0x00, 0x00, 0x00, 0x00, 0x0E, 0x00, 0x00, 0x00,
    0x00, 0x00, 0x00, 0x00, 0xB0, 0x24, 0x00, 0x00, 0x00, 0x00, 0x00, 0x00, 0x02, 0x00, 0x00, 0x00,
    0x00, 0x00, 0x00, 0x00, 0x00, 0x00, 0x00, 0x00, 0x00, 0x00, 0x00, 0x00, 0x07, 0x00, 0x00, 0x00,
    0x00, 0x00, 0x00, 0x00, 0x00, 0x00, 0x00, 0x00, 0x00, 0x00, 0x00, 0x00, 0x07, 0x00, 0x00, 0x00,
    0x00, 0x00, 0x00, 0x00, 0x00, 0x00, 0x00, 0x00, 0x00, 0x00, 0x00, 0x00, 0x05, 0x00, 0x00, 0x00,
    0x00, 0x40, 0x00, 0x00, 0x0E, 0x00, 0x00, 0x00, 0x00, 0x00, 0x00, 0x00, 0x6C, 0x24, 0x00, 0x00,
    0x00, 0x00, 0x00, 0x00, 0x0E, 0x00, 0x00, 0x00, 0x00, 0x00, 0x00, 0x00, 0x60, 0x24, 0x00, 0x00,
    0x00, 0x00, 0x00, 0x00, 0x02, 0x00, 0x00, 0x00, 0x00, 0x00, 0x00, 0x00, 0x00, 0x00, 0x00, 0x00,
    0x00, 0x00, 0x00, 0x00, 0x07, 0x00, 0x00, 0x00, 0x00, 0x00, 0x00, 0x00, 0x00, 0x00, 0x00, 0x00,
    0x00, 0x00, 0x00, 0x00, 0x07, 0x00, 0x00, 0x00, 0x00, 0x00, 0x00, 0x00, 0x00, 0x00, 0x00, 0x00,
    0x00, 0x00, 0x00, 0x00, 0x06, 0x00, 0x00, 0x00, 0x01, 0x40, 0x00, 0x00, 0x07, 0x00, 0x00, 0x00,
    0x00, 0x00, 0x00, 0x00, 0x00, 0x00, 0x00, 0x00, 0x00, 0x00, 0x00, 0x00, 0x0E, 0x00, 0x00, 0x00,
    0x00, 0x00, 0x00, 0x00, 0x0C, 0x24, 0x00, 0x00, 0x00, 0x00, 0x00, 0x00, 0x07, 0x00, 0x00, 0x00,
    0x00, 0x00, 0x00, 0x00, 0x00, 0x00, 0x00, 0x00, 0x00, 0x00, 0x00, 0x00, 0x07, 0x00, 0x00, 0x00,
    0x00, 0x00, 0x00, 0x00, 0x00, 0x00, 0x00, 0x00, 0x00, 0x00, 0x00, 0x00, 0x0E, 0x00, 0x00, 0x00,
    0x00, 0x00, 0x00, 0x00, 0xE0, 0x23, 0x00, 0x00, 0x00, 0x00, 0x00, 0x00, 0x02, 0x00, 0x00, 0x00,
    0x00, 0x00, 0x00, 0x00, 0x01, 0x00, 0x00, 0x00, 0x00, 0x00, 0x00, 0x00, 0x06, 0x00, 0x00, 0x00,
    0x01, 0x40, 0x00, 0x00, 0x07, 0x00, 0x00, 0x00, 0x00, 0x00, 0x00, 0x00, 0x00, 0x00, 0x00, 0x00,
    0x00, 0x00, 0x00, 0x00, 0x0E, 0x00, 0x00, 0x00, 0x00, 0x00, 0x00, 0x00, 0xAC, 0x23, 0x00, 0x00,
    0x00, 0x00, 0x00, 0x00, 0x07, 0x00, 0x00, 0x00, 0x00, 0x00, 0x00, 0x00, 0x00, 0x00, 0x00, 0x00,
    0x00, 0x00, 0x00, 0x00, 0x07, 0x00, 0x00, 0x00, 0x00, 0x00, 0x00, 0x00, 0x00, 0x00, 0x00, 0x00,
    0x00, 0x00, 0x00, 0x00, 0x0E, 0x00, 0x00, 0x00, 0x00, 0x00, 0x00, 0x00, 0x80, 0x23, 0x00, 0x00,
    0x00, 0x00, 0x00, 0x00, 0x02, 0x00, 0x00, 0x00, 0x00, 0x00, 0x00, 0x00, 0x01, 0x00, 0x00, 0x00,
    0x00, 0x00, 0x00, 0x00, 0x06, 0x00, 0x00, 0x00, 0x01, 0x40, 0x00, 0x00, 0x07, 0x00, 0x00, 0x00,
    0x00, 0x00, 0x00, 0x00, 0x00, 0x00, 0x00, 0x00, 0x00, 0x00, 0x00, 0x00, 0x0E, 0x00, 0x00, 0x00,
    0x00, 0x00, 0x00, 0x00, 0x4C, 0x23, 0x00, 0x00, 0x00, 0x00, 0x00, 0x00, 0x07, 0x00, 0x00, 0x00,
    0x00, 0x00, 0x00, 0x00, 0x00, 0x00, 0x00, 0x00, 0x00, 0x00, 0x00, 0x00, 0x07, 0x00, 0x00, 0x00,
    0x00, 0x00, 0x00, 0x00, 0x00, 0x00, 0x00, 0x00, 0x00, 0x00, 0x00, 0x00, 0x0E, 0x00, 0x00, 0x00,
    0x00, 0x00, 0x00, 0x00, 0x20, 0x23, 0x00, 0x00, 0x00, 0x00, 0x00, 0x00, 0x02, 0x00, 0x00, 0x00,
    0x00, 0x00, 0x00, 0x00, 0x00, 0x00, 0x00, 0x00, 0x00, 0x00, 0x00, 0x00, 0x06, 0x00, 0x00, 0x00,
    0x01, 0x40, 0x00, 0x00, 0x07, 0x00, 0x00, 0x00, 0x00, 0x00, 0x00, 0x00, 0x00, 0x00, 0x00, 0x00,
    0x00, 0x00, 0x00, 0x00, 0x0E, 0x00, 0x00, 0x00, 0x00, 0x00, 0x00, 0x00, 0xEC, 0x22, 0x00, 0x00,
    0x00, 0x00, 0x00, 0x00, 0x07, 0x00, 0x00, 0x00, 0x00, 0x00, 0x00, 0x00, 0x00, 0x00, 0x00, 0x00,
    0x00, 0x00, 0x00, 0x00, 0x07, 0x00, 0x00, 0x00, 0x00, 0x00, 0x00, 0x00, 0x00, 0x00, 0x00, 0x00,
    0x00, 0x00, 0x00, 0x00, 0x0E, 0x00, 0x00, 0x00, 0x00, 0x00, 0x00, 0x00, 0xC0, 0x22, 0x00, 0x00,
    0x00, 0x00, 0x00, 0x00, 0x02, 0x00, 0x00, 0x00, 0x00, 0x00, 0x00, 0x00, 0x00, 0x00, 0x00, 0x00,
    0x00, 0x00, 0x00, 0x00, 0x06, 0x00, 0x00, 0x00, 0x01, 0x40, 0x00, 0x00, 0x07, 0x00, 0x00, 0x00,
    0x00, 0x00, 0x00, 0x00, 0x00, 0x00, 0x00, 0x00, 0x00, 0x00, 0x00, 0x00, 0x0E, 0x00, 0x00, 0x00,
    0x00, 0x00, 0x00, 0x00, 0x8C, 0x22, 0x00, 0x00, 0x00, 0x00, 0x00, 0x00, 0x07, 0x00, 0x00, 0x00,
    0x00, 0x00, 0x00, 0x00, 0x00, 0x00, 0x00, 0x00, 0x00, 0x00, 0x00, 0x00, 0x07, 0x00, 0x00, 0x00,
    0x00, 0x00, 0x00, 0x00, 0x00, 0x00, 0x00, 0x00, 0x00, 0x00, 0x00, 0x00, 0x0E, 0x00, 0x00, 0x00,
    0x00, 0x00, 0x00, 0x00, 0x60, 0x22, 0x00, 0x00, 0x00, 0x00, 0x00, 0x00, 0x02, 0x00, 0x00, 0x00,
    0x00, 0x00, 0x00, 0x00, 0x00, 0x00, 0x00, 0x00, 0x00, 0x00, 0x00, 0x00, 0x06, 0x00, 0x00, 0x00,
    0x01, 0x40, 0x00, 0x00, 0x07, 0x00, 0x00, 0x00, 0x00, 0x00, 0x00, 0x00, 0x00, 0x00, 0x00, 0x00,
    0x00, 0x00, 0x00, 0x00, 0x0E, 0x00, 0x00, 0x00, 0x00, 0x00, 0x00, 0x00, 0x2C, 0x22, 0x00, 0x00,
    0x00, 0x00, 0x00, 0x00, 0x07, 0x00, 0x00, 0x00, 0x00, 0x00, 0x00, 0x00, 0x00, 0x00, 0x00, 0x00,
    0x00, 0x00, 0x00, 0x00, 0x07, 0x00, 0x00, 0x00, 0x00, 0x00, 0x00, 0x00, 0x00, 0x00, 0x00, 0x00,
    0x00, 0x00, 0x00, 0x00, 0x0E, 0x00, 0x00, 0x00, 0x00, 0x00, 0x00, 0x00, 0x00, 0x22, 0x00, 0x00,
    0x00, 0x00, 0x00, 0x00, 0x02, 0x00, 0x00, 0x00, 0x00, 0x00, 0x00, 0x00, 0x00, 0x00, 0x00, 0x00,
    0x00, 0x00, 0x00, 0x00, 0x06, 0x00, 0x00, 0x00, 0x01, 0x40, 0x00, 0x00, 0x07, 0x00, 0x00, 0x00,
    0x00, 0x00, 0x00, 0x00, 0x00, 0x00, 0x00, 0x00, 0x00, 0x00, 0x00, 0x00, 0x0E, 0x00, 0x00, 0x00,
    0x00, 0x00, 0x00, 0x00, 0xCC, 0x21, 0x00, 0x00, 0x00, 0x00, 0x00, 0x00, 0x07, 0x00, 0x00, 0x00,
    0x00, 0x00, 0x00, 0x00, 0x00, 0x00, 0x00, 0x00, 0x00, 0x00, 0x00, 0x00, 0x07, 0x00, 0x00, 0x00,
    0x00, 0x00, 0x00, 0x00, 0x00, 0x00, 0x00, 0x00, 0x00, 0x00, 0x00, 0x00, 0x0E, 0x00, 0x00, 0x00,
    0x00, 0x00, 0x00, 0x00, 0xA0, 0x21, 0x00, 0x00, 0x00, 0x00, 0x00, 0x00, 0x02, 0x00, 0x00, 0x00,
    0x00, 0x00, 0x00, 0x00, 0x00, 0x00, 0x00, 0x00, 0x00, 0x00, 0x00, 0x00, 0x06, 0x00, 0x00, 0x00,
    0x01, 0x40, 0x00, 0x00, 0x07, 0x00, 0x00, 0x00, 0x00, 0x00, 0x00, 0x00, 0x00, 0x00, 0x00, 0x00,
    0x00, 0x00, 0x00, 0x00, 0x0E, 0x00, 0x00, 0x00, 0x00, 0x00, 0x00, 0x00, 0x6C, 0x21, 0x00, 0x00,
    0x00, 0x00, 0x00, 0x00, 0x07, 0x00, 0x00, 0x00, 0x00, 0x00, 0x00, 0x00, 0x00, 0x00, 0x00, 0x00,
    0x00, 0x00, 0x00, 0x00, 0x07, 0x00, 0x00, 0x00, 0x00, 0x00, 0x00, 0x00, 0x00, 0x00, 0x00, 0x00,
    0x00, 0x00, 0x00, 0x00, 0x0E, 0x00, 0x00, 0x00, 0x00, 0x00, 0x00, 0x00, 0x40, 0x21, 0x00, 0x00,
    0x00, 0x00, 0x00, 0x00, 0x02, 0x00, 0x00, 0x00, 0x00, 0x00, 0x00, 0x00, 0x00, 0x00, 0x00, 0x00,
    0x00, 0x00, 0x00, 0x00, 0x06, 0x00, 0x00, 0x00, 0x01, 0x40, 0x00, 0x00, 0x07, 0x00, 0x00, 0x00,
    0x00, 0x00, 0x00, 0x00, 0x00, 0x00, 0x00, 0x00, 0x00, 0x00, 0x00, 0x00, 0x0E, 0x00, 0x00, 0x00,
    0x00, 0x00, 0x00, 0x00, 0x0C, 0x21, 0x00, 0x00, 0x00, 0x00, 0x00, 0x00, 0x07, 0x00, 0x00, 0x00,
    0x00, 0x00, 0x00, 0x00, 0x00, 0x00, 0x00, 0x00, 0x00, 0x00, 0x00, 0x00, 0x07, 0x00, 0x00, 0x00,
    0x00, 0x00, 0x00, 0x00, 0x00, 0x00, 0x00, 0x00, 0x00, 0x00, 0x00, 0x00, 0x0E, 0x00, 0x00, 0x00,
    0x00, 0x00, 0x00, 0x00, 0xE0, 0x20, 0x00, 0x00, 0x00, 0x00, 0x00, 0x00, 0x02, 0x00, 0x00, 0x00,
    0x00, 0x00, 0x00, 0x00, 0x00, 0x00, 0x00, 0x00, 0x00, 0x00, 0x00, 0x00, 0x06, 0x00, 0x00, 0x00,
    0x01, 0x40, 0x00, 0x00, 0x07, 0x00, 0x00, 0x00, 0x00, 0x00, 0x00, 0x00, 0x00, 0x00, 0x00, 0x00,
    0x00, 0x00, 0x00, 0x00, 0x0E, 0x00, 0x00, 0x00, 0x00, 0x00, 0x00, 0x00, 0xAC, 0x20, 0x00, 0x00,
    0x00, 0x00, 0x00, 0x00, 0x07, 0x00, 0x00, 0x00, 0x00, 0x00, 0x00, 0x00, 0x00, 0x00, 0x00, 0x00,
    0x00, 0x00, 0x00, 0x00, 0x07, 0x00, 0x00, 0x00, 0x00, 0x00, 0x00, 0x00, 0x00, 0x00, 0x00, 0x00,
    0x00, 0x00, 0x00, 0x00, 0x0E, 0x00, 0x00, 0x00, 0x00, 0x00, 0x00, 0x00, 0x80, 0x20, 0x00, 0x00,
    0x00, 0x00, 0x00, 0x00, 0x02, 0x00, 0x00, 0x00, 0x00, 0x00, 0x00, 0x00, 0x00, 0x00, 0x00, 0x00,
    0x00, 0x00, 0x00, 0x00, 0x06, 0x00, 0x00, 0x00, 0x01, 0x40, 0x00, 0x00, 0x07, 0x00, 0x00, 0x00,
    0x00, 0x00, 0x00, 0x00, 0x00, 0x00, 0x00, 0x00, 0x00, 0x00, 0x00, 0x00, 0x0E, 0x00, 0x00, 0x00,
    0x00, 0x00, 0x00, 0x00, 0x4C, 0x20, 0x00, 0x00, 0x00, 0x00, 0x00, 0x00, 0x07, 0x00, 0x00, 0x00,
    0x00, 0x00, 0x00, 0x00, 0x00, 0x00, 0x00, 0x00, 0x00, 0x00, 0x00, 0x00, 0x07, 0x00, 0x00, 0x00,
    0x00, 0x00, 0x00, 0x00, 0x00, 0x00, 0x00, 0x00, 0x00, 0x00, 0x00, 0x00, 0x0E, 0x00, 0x00, 0x00,
    0x00, 0x00, 0x00, 0x00, 0x20, 0x20, 0x00, 0x00, 0x00, 0x00, 0x00, 0x00, 0x02, 0x00, 0x00, 0x00,
    0x00, 0x00, 0x00, 0x00, 0x00, 0x00, 0x00, 0x00, 0x00, 0x00, 0x00, 0x00, 0x06, 0x00, 0x00, 0x00,
    0x01, 0x40, 0x00, 0x00, 0x07, 0x00, 0x00, 0x00, 0x00, 0x00, 0x00, 0x00, 0x00, 0x00, 0x00, 0x00,
    0x00, 0x00, 0x00, 0x00, 0x0E, 0x00, 0x00, 0x00, 0x00, 0x00, 0x00, 0x00, 0xEC, 0x1F, 0x00, 0x00,
    0x00, 0x00, 0x00, 0x00, 0x07, 0x00, 0x00, 0x00, 0x00, 0x00, 0x00, 0x00, 0x00, 0x00, 0x00, 0x00,
    0x00, 0x00, 0x00, 0x00, 0x07, 0x00, 0x00, 0x00, 0x00, 0x00, 0x00, 0x00, 0x00, 0x00, 0x00, 0x00,
    0x00, 0x00, 0x00, 0x00, 0x0E, 0x00, 0x00, 0x00, 0x00, 0x00, 0x00, 0x00, 0xC0, 0x1F, 0x00, 0x00,
    0x00, 0x00, 0x00, 0x00, 0x02, 0x00, 0x00, 0x00, 0x00, 0x00, 0x00, 0x00, 0x00, 0x00, 0x00, 0x00,
    0x00, 0x00, 0x00, 0x00, 0x06, 0x00, 0x00, 0x00, 0x01, 0x40, 0x00, 0x00, 0x07, 0x00, 0x00, 0x00,
    0x00, 0x00, 0x00, 0x00, 0x00, 0x00, 0x00, 0x00, 0x00, 0x00, 0x00, 0x00, 0x0E, 0x00, 0x00, 0x00,
    0x00, 0x00, 0x00, 0x00, 0x8C, 0x1F, 0x00, 0x00, 0x00, 0x00, 0x00, 0x00, 0x07, 0x00, 0x00, 0x00,
    0x00, 0x00, 0x00, 0x00, 0x00, 0x00, 0x00, 0x00, 0x00, 0x00, 0x00, 0x00, 0x07, 0x00, 0x00, 0x00,
    0x00, 0x00, 0x00, 0x00, 0x00, 0x00, 0x00, 0x00, 0x00, 0x00, 0x00, 0x00, 0x0E, 0x00, 0x00, 0x00,
    0x00, 0x00, 0x00, 0x00, 0x60, 0x1F, 0x00, 0x00, 0x00, 0x00, 0x00, 0x00, 0x02, 0x00, 0x00, 0x00,
    0x00, 0x00, 0x00, 0x00, 0x00, 0x00, 0x00, 0x00, 0x00, 0x00, 0x00, 0x00, 0x06, 0x00, 0x00, 0x00,
    0x01, 0x40, 0x00, 0x00, 0x07, 0x00, 0x00, 0x00, 0x00, 0x00, 0x00, 0x00, 0x00, 0x00, 0x00, 0x00,
    0x00, 0x00, 0x00, 0x00, 0x0E, 0x00, 0x00, 0x00, 0x00, 0x00, 0x00, 0x00, 0x2C, 0x1F, 0x00, 0x00,
    0x00, 0x00, 0x00, 0x00, 0x07, 0x00, 0x00, 0x00, 0x00, 0x00, 0x00, 0x00, 0x00, 0x00, 0x00, 0x00,
    0x00, 0x00, 0x00, 0x00, 0x07, 0x00, 0x00, 0x00, 0x00, 0x00, 0x00, 0x00, 0x00, 0x00, 0x00, 0x00,
    0x00, 0x00, 0x00, 0x00, 0x0E, 0x00, 0x00, 0x00, 0x00, 0x00, 0x00, 0x00, 0x00, 0x1F, 0x00, 0x00,
    0x00, 0x00, 0x00, 0x00, 0x02, 0x00, 0x00, 0x00, 0x00, 0x00, 0x00, 0x00, 0x00, 0x00, 0x00, 0x00,
    0x00, 0x00, 0x00, 0x00, 0x06, 0x00, 0x00, 0x00, 0x01, 0x40, 0x00, 0x00, 0x07, 0x00, 0x00, 0x00,
    0x00, 0x00, 0x00, 0x00, 0x00, 0x00, 0x00, 0x00, 0x00, 0x00, 0x00, 0x00, 0x0E, 0x00, 0x00, 0x00,
    0x00, 0x00, 0x00, 0x00, 0xCC, 0x1E, 0x00, 0x00, 0x00, 0x00, 0x00, 0x00, 0x07, 0x00, 0x00, 0x00,
    0x00, 0x00, 0x00, 0x00, 0x00, 0x00, 0x00, 0x00, 0x00, 0x00, 0x00, 0x00, 0x07, 0x00, 0x00, 0x00,
    0x00, 0x00, 0x00, 0x00, 0x00, 0x00, 0x00, 0x00, 0x00, 0x00, 0x00, 0x00, 0x0E, 0x00, 0x00, 0x00,
    0x00, 0x00, 0x00, 0x00, 0xA0, 0x1E, 0x00, 0x00, 0x00, 0x00, 0x00, 0x00, 0x02, 0x00, 0x00, 0x00,
    0x00, 0x00, 0x00, 0x00, 0x00, 0x00, 0x00, 0x00, 0x00, 0x00, 0x00, 0x00, 0x04, 0x00, 0x00, 0x00,
    0x02, 0x40, 0x00, 0x00, 0x0E, 0x00, 0x00, 0x00, 0x00, 0x00, 0x00, 0x00, 0x7C, 0x1E, 0x00, 0x00,
    0x00, 0x00, 0x00, 0x00, 0x07, 0x00, 0x00, 0x00, 0x00, 0x00, 0x00, 0x00, 0x00, 0x00, 0x00, 0x00,
    0x00, 0x00, 0x00, 0x00, 0x07, 0x00, 0x00, 0x00, 0x00, 0x00, 0x00, 0x00, 0x00, 0x00, 0x00, 0x00,
    0x00, 0x00, 0x00, 0x00, 0x02, 0x00, 0x00, 0x00, 0x00, 0x00, 0x00, 0x00, 0x00, 0x00, 0x00, 0x00,
    0x00, 0x00, 0x00, 0x00, 0x04, 0x00, 0x00, 0x00, 0x02, 0x40, 0x00, 0x00, 0x0E, 0x00, 0x00, 0x00,
    0x00, 0x00, 0x00, 0x00, 0x38, 0x1E, 0x00, 0x00, 0x00, 0x00, 0x00, 0x00, 0x07, 0x00, 0x00, 0x00,
    0x00, 0x00, 0x00, 0x00, 0x00, 0x00, 0x00, 0x00, 0x00, 0x00, 0x00, 0x00, 0x07, 0x00, 0x00, 0x00,
    0x00, 0x00, 0x00, 0x00, 0x00, 0x00, 0x00, 0x00, 0x00, 0x00, 0x00, 0x00, 0x02, 0x00, 0x00, 0x00,
    0x00, 0x00, 0x00, 0x00, 0x00, 0x00, 0x00, 0x00, 0x00, 0x00, 0x00, 0x00, 0x04, 0x00, 0x00, 0x00,
    0x02, 0x40, 0x00, 0x00, 0x0E, 0x00, 0x00, 0x00, 0x00, 0x00, 0x00, 0x00, 0xF4, 0x1D, 0x00, 0x00,
    0x00, 0x00, 0x00, 0x00, 0x07, 0x00, 0x00, 0x00, 0x00, 0x00, 0x00, 0x00, 0x00, 0x00, 0x00, 0x00,
    0x00, 0x00, 0x00, 0x00, 0x07, 0x00, 0x00, 0x00, 0x00, 0x00, 0x00, 0x00, 0x00, 0x00, 0x00, 0x00,
    0x00, 0x00, 0x00, 0x00, 0x02, 0x00, 0x00, 0x00, 0x00, 0x00, 0x00, 0x00, 0x00, 0x00, 0x00, 0x00,
    0x00, 0x00, 0x00, 0x00, 0x04, 0x00, 0x00, 0x00, 0x02, 0x40, 0x00, 0x00, 0x0E, 0x00, 0x00, 0x00,
    0x00, 0x00, 0x00, 0x00, 0xB0, 0x1D, 0x00, 0x00, 0x00, 0x00, 0x00, 0x00, 0x07, 0x00, 0x00, 0x00,
    0x00, 0x00, 0x00, 0x00, 0x00, 0x00, 0x00, 0x00, 0x00, 0x00, 0x00, 0x00, 0x07, 0x00, 0x00, 0x00,
    0x00, 0x00, 0x00, 0x00, 0x00, 0x00, 0x00, 0x00, 0x00, 0x00, 0x00, 0x00, 0x02, 0x00, 0x00, 0x00,
    0x00, 0x00, 0x00, 0x00, 0x00, 0x00, 0x00, 0x00, 0x00, 0x00, 0x00, 0x00, 0x04, 0x00, 0x00, 0x00,
    0x02, 0x40, 0x00, 0x00, 0x0E, 0x00, 0x00, 0x00, 0x00, 0x00, 0x00, 0x00, 0x6C, 0x1D, 0x00, 0x00,
    0x00, 0x00, 0x00, 0x00, 0x07, 0x00, 0x00, 0x00, 0x00, 0x00, 0x00, 0x00, 0x00, 0x00, 0x00, 0x00,
    0x00, 0x00, 0x00, 0x00, 0x07, 0x00, 0x00, 0x00, 0x00, 0x00, 0x00, 0x00, 0x00, 0x00, 0x00, 0x00,
    0x00, 0x00, 0x00, 0x00, 0x02, 0x00, 0x00, 0x00, 0x00, 0x00, 0x00, 0x00, 0x00, 0x00, 0x00, 0x00,
    0x00, 0x00, 0x00, 0x00, 0x04, 0x00, 0x00, 0x00, 0x02, 0x40, 0x00, 0x00, 0x0E, 0x00, 0x00, 0x00,
    0x00, 0x00, 0x00, 0x00, 0x28, 0x1D, 0x00, 0x00, 0x00, 0x00, 0x00, 0x00, 0x07, 0x00, 0x00, 0x00,
    0x00, 0x00, 0x00, 0x00, 0x00, 0x00, 0x00, 0x00, 0x00, 0x00, 0x00, 0x00, 0x07, 0x00, 0x00, 0x00,
    0x00, 0x00, 0x00, 0x00, 0x00, 0x00, 0x00, 0x00, 0x00, 0x00, 0x00, 0x00, 0x02, 0x00, 0x00, 0x00,
    0x00, 0x00, 0x00, 0x00, 0x00, 0x00, 0x00, 0x00, 0x00, 0x00, 0x00, 0x00, 0x04, 0x00, 0x00, 0x00,
    0x02, 0x40, 0x00, 0x00, 0x0E, 0x00, 0x00, 0x00, 0x00, 0x00, 0x00, 0x00, 0xE4, 0x1C, 0x00, 0x00,
    0x00, 0x00, 0x00, 0x00, 0x07, 0x00, 0x00, 0x00, 0x00, 0x00, 0x00, 0x00, 0x00, 0x00, 0x00, 0x00,
    0x00, 0x00, 0x00, 0x00, 0x07, 0x00, 0x00, 0x00, 0x00, 0x00, 0x00, 0x00, 0x00, 0x00, 0x00, 0x00,
    0x00, 0x00, 0x00, 0x00, 0x02, 0x00, 0x00, 0x00, 0x00, 0x00, 0x00, 0x00, 0x00, 0x00, 0x00, 0x00,
    0x00, 0x00, 0x00, 0x00, 0x04, 0x00, 0x00, 0x00, 0x02, 0x40, 0x00, 0x00, 0x0E, 0x00, 0x00, 0x00,
    0x00, 0x00, 0x00, 0x00, 0xA0, 0x1C, 0x00, 0x00, 0x00, 0x00, 0x00, 0x00, 0x07, 0x00, 0x00, 0x00,
    0x00, 0x00, 0x00, 0x00, 0x00, 0x00, 0x00, 0x00, 0x00, 0x00, 0x00, 0x00, 0x07, 0x00, 0x00, 0x00,
    0x00, 0x00, 0x00, 0x00, 0x00, 0x00, 0x00, 0x00, 0x00, 0x00, 0x00, 0x00, 0x02, 0x00, 0x00, 0x00,
    0x00, 0x00, 0x00, 0x00, 0x00, 0x00, 0x00, 0x00, 0x00, 0x00, 0x00, 0x00, 0x04, 0x00, 0x00, 0x00,
    0x02, 0x40, 0x00, 0x00, 0x0E, 0x00, 0x00, 0x00, 0x00, 0x00, 0x00, 0x00, 0x5C, 0x1C, 0x00, 0x00,
    0x00, 0x00, 0x00, 0x00, 0x07, 0x00, 0x00, 0x00, 0x00, 0x00, 0x00, 0x00, 0x00, 0x00, 0x00, 0x00,
    0x00, 0x00, 0x00, 0x00, 0x07, 0x00, 0x00, 0x00, 0x00, 0x00, 0x00, 0x00, 0x00, 0x00, 0x00, 0x00,
    0x00, 0x00, 0x00, 0x00, 0x02, 0x00, 0x00, 0x00, 0x00, 0x00, 0x00, 0x00, 0x00, 0x00, 0x00, 0x00,
    0x00, 0x00, 0x00, 0x00, 0x04, 0x00, 0x00, 0x00, 0x02, 0x40, 0x00, 0x00, 0x0E, 0x00, 0x00, 0x00,
    0x00, 0x00, 0x00, 0x00, 0x18, 0x1C, 0x00, 0x00, 0x00, 0x00, 0x00, 0x00, 0x07, 0x00, 0x00, 0x00,
    0x00, 0x00, 0x00, 0x00, 0x00, 0x00, 0x00, 0x00, 0x00, 0x00, 0x00, 0x00, 0x07, 0x00, 0x00, 0x00,
    0x00, 0x00, 0x00, 0x00, 0x00, 0x00, 0x00, 0x00, 0x00, 0x00, 0x00, 0x00, 0x02, 0x00, 0x00, 0x00,
    0x00, 0x00, 0x00, 0x00, 0x00, 0x00, 0x00, 0x00, 0x00, 0x00, 0x00, 0x00, 0x00, 0x00, 0x00, 0x00,
    0x00, 0x00, 0x00, 0x00, 0x03, 0x00, 0x00, 0x00, 0x03, 0x40, 0x00, 0x00, 0x0E, 0x00, 0x00, 0x00,
    0x00, 0x00, 0x00, 0x00, 0xCC, 0x1B, 0x00, 0x00, 0x00, 0x00, 0x00, 0x00, 0x07, 0x00, 0x00, 0x00,
    0x00, 0x00, 0x00, 0x00, 0x00, 0x00, 0x00, 0x00, 0x00, 0x00, 0x00, 0x00, 0x02, 0x00, 0x00, 0x00,
    0x00, 0x00, 0x00, 0x00, 0x00, 0x00, 0x00, 0x00, 0x00, 0x00, 0x00, 0x00, 0x03, 0x00, 0x00, 0x00,
    0x03, 0x40, 0x00, 0x00, 0x0E, 0x00, 0x00, 0x00, 0x00, 0x00, 0x00, 0x00, 0x98, 0x1B, 0x00, 0x00,
    0x00, 0x00, 0x00, 0x00, 0x07, 0x00, 0x00, 0x00, 0x00, 0x00, 0x00, 0x00, 0x00, 0x00, 0x00, 0x00,
    0x00, 0x00, 0x00, 0x00, 0x02, 0x00, 0x00, 0x00, 0x00, 0x00, 0x00, 0x00, 0x00, 0x00, 0x00, 0x00,
    0x00, 0x00, 0x00, 0x00, 0x03, 0x00, 0x00, 0x00, 0x03, 0x40, 0x00, 0x00, 0x0E, 0x00, 0x00, 0x00,
    0x00, 0x00, 0x00, 0x00, 0x64, 0x1B, 0x00, 0x00, 0x00, 0x00, 0x00, 0x00, 0x07, 0x00, 0x00, 0x00,
    0x00, 0x00, 0x00, 0x00, 0x00, 0x00, 0x00, 0x00, 0x00, 0x00, 0x00, 0x00, 0x02, 0x00, 0x00, 0x00,
    0x00, 0x00, 0x00, 0x00, 0x00, 0x00, 0x00, 0x00, 0x00, 0x00, 0x00, 0x00, 0x03, 0x00, 0x00, 0x00,
    0x03, 0x40, 0x00, 0x00, 0x0E, 0x00, 0x00, 0x00, 0x00, 0x00, 0x00, 0x00, 0x30, 0x1B, 0x00, 0x00,
    0x00, 0x00, 0x00, 0x00, 0x07, 0x00, 0x00, 0x00, 0x00, 0x00, 0x00, 0x00, 0x00, 0x00, 0x00, 0x00,
    0x00, 0x00, 0x00, 0x00, 0x02, 0x00, 0x00, 0x00, 0x00, 0x00, 0x00, 0x00, 0x00, 0x00, 0x00, 0x00,
    0x00, 0x00, 0x00, 0x00, 0x03, 0x00, 0x00, 0x00, 0x03, 0x40, 0x00, 0x00, 0x0E, 0x00, 0x00, 0x00,
    0x00, 0x00, 0x00, 0x00, 0xFC, 0x1A, 0x00, 0x00, 0x00, 0x00, 0x00, 0x00, 0x07, 0x00, 0x00, 0x00,
    0x00, 0x00, 0x00, 0x00, 0x00, 0x00, 0x00, 0x00, 0x00, 0x00, 0x00, 0x00, 0x02, 0x00, 0x00, 0x00,
    0x00, 0x00, 0x00, 0x00, 0x00, 0x00, 0x00, 0x00, 0x00, 0x00, 0x00, 0x00, 0x03, 0x00, 0x00, 0x00,
    0x03, 0x40, 0x00, 0x00, 0x0E, 0x00, 0x00, 0x00, 0x00, 0x00, 0x00, 0x00, 0xC8, 0x1A, 0x00, 0x00,
    0x00, 0x00, 0x00, 0x00, 0x07, 0x00, 0x00, 0x00, 0x00, 0x00, 0x00, 0x00, 0x00, 0x00, 0x00, 0x00,
    0x00, 0x00, 0x00, 0x00, 0x02, 0x00, 0x00, 0x00, 0x00, 0x00, 0x00, 0x00, 0x00, 0x00, 0x00, 0x00,
    0x00, 0x00, 0x00, 0x00, 0x03, 0x00, 0x00, 0x00, 0x03, 0x40, 0x00, 0x00, 0x0E, 0x00, 0x00, 0x00,
    0x00, 0x00, 0x00, 0x00, 0x94, 0x1A, 0x00, 0x00, 0x00, 0x00, 0x00, 0x00, 0x07, 0x00, 0x00, 0x00,
    0x00, 0x00, 0x00, 0x00, 0x00, 0x00, 0x00, 0x00, 0x00, 0x00, 0x00, 0x00, 0x02, 0x00, 0x00, 0x00,
    0x00, 0x00, 0x00, 0x00, 0x00, 0x00, 0x00, 0x00, 0x00, 0x00, 0x00, 0x00, 0x03, 0x00, 0x00, 0x00,
    0x03, 0x40, 0x00, 0x00, 0x0E, 0x00, 0x00, 0x00, 0x00, 0x00, 0x00, 0x00, 0x60, 0x1A, 0x00, 0x00,
    0x00, 0x00, 0x00, 0x00, 0x07, 0x00, 0x00, 0x00, 0x00, 0x00, 0x00, 0x00, 0x00, 0x00, 0x00, 0x00,
    0x00, 0x00, 0x00, 0x00, 0x02, 0x00, 0x00, 0x00, 0x00, 0x00, 0x00, 0x00, 0x00, 0x00, 0x00, 0x00,
    0x00, 0x00, 0x00, 0x00, 0x03, 0x00, 0x00, 0x00, 0x03, 0x40, 0x00, 0x00, 0x0E, 0x00, 0x00, 0x00,
    0x00, 0x00, 0x00, 0x00, 0x2C, 0x1A, 0x00, 0x00, 0x00, 0x00, 0x00, 0x00, 0x07, 0x00, 0x00, 0x00,
    0x00, 0x00, 0x00, 0x00, 0x00, 0x00, 0x00, 0x00, 0x00, 0x00, 0x00, 0x00, 0x02, 0x00, 0x00, 0x00,
    0x00, 0x00, 0x00, 0x00, 0x00, 0x00, 0x00, 0x00, 0x00, 0x00, 0x00, 0x00, 0x03, 0x00, 0x00, 0x00,
    0x03, 0x40, 0x00, 0x00, 0x0E, 0x00, 0x00, 0x00, 0x00, 0x00, 0x00, 0x00, 0xF8, 0x19, 0x00, 0x00,
    0x00, 0x00, 0x00, 0x00, 0x07, 0x00, 0x00, 0x00, 0x00, 0x00, 0x00, 0x00, 0x00, 0x00, 0x00, 0x00,
    0x00, 0x00, 0x00, 0x00, 0x02, 0x00, 0x00, 0x00, 0x00, 0x00, 0x00, 0x00, 0x00, 0x00, 0x00, 0x00,
    0x00, 0x00, 0x00, 0x00, 0x06, 0x00, 0x00, 0x00, 0x04, 0x40, 0x00, 0x00, 0x0E, 0x00, 0x00, 0x00,
    0x00, 0x00, 0x00, 0x00, 0xC4, 0x19, 0x00, 0x00, 0x00, 0x00, 0x00, 0x00, 0x0E, 0x00, 0x00, 0x00,
    0x00, 0x00, 0x00, 0x00, 0xB8, 0x19, 0x00, 0x00, 0x00, 0x00, 0x00, 0x00, 0x0C, 0x00, 0x00, 0x00,
    0x00, 0x00, 0x00, 0x00, 0x00, 0x00, 0x00, 0x00, 0x00, 0x00, 0x00, 0x00, 0x07, 0x00, 0x00, 0x00,
    0x00, 0x00, 0x00, 0x00, 0x00, 0x00, 0x00, 0x00, 0x00, 0x00, 0x00, 0x00, 0x15, 0x00, 0x00, 0x00,
    0x00, 0x00, 0x00, 0x00, 0x00, 0x00, 0x00, 0x00, 0x00, 0x00, 0x00, 0x00, 0x02, 0x00, 0x00, 0x00,
    0x00, 0x00, 0x00, 0x00, 0x00, 0x00, 0x00, 0x00, 0x00, 0x00, 0x00, 0x00, 0x06, 0x00, 0x00, 0x00,
    0x04, 0x40, 0x00, 0x00, 0x0E, 0x00, 0x00, 0x00, 0x00, 0x00, 0x00, 0x00, 0x64, 0x19, 0x00, 0x00,
    0x00, 0x00, 0x00, 0x00, 0x0E, 0x00, 0x00, 0x00, 0x00, 0x00, 0x00, 0x00, 0x58, 0x19, 0x00, 0x00,
    0x00, 0x00, 0x00, 0x00, 0x0C, 0x00, 0x00, 0x00, 0x00, 0x00, 0x00, 0x00, 0x00, 0x00, 0x00, 0x00,
    0x00, 0x00, 0x00, 0x00, 0x07, 0x00, 0x00, 0x00, 0x00, 0x00, 0x00, 0x00, 0x00, 0x00, 0x00, 0x00,
    0x00, 0x00, 0x00, 0x00, 0x15, 0x00, 0x00, 0x00, 0x00, 0x00, 0x00, 0x00, 0x00, 0x00, 0x00, 0x00,
    0x00, 0x00, 0x00, 0x00, 0x02, 0x00, 0x00, 0x00, 0x00, 0x00, 0x00, 0x00, 0x00, 0x00, 0x00, 0x00,
    0x00, 0x00, 0x00, 0x00, 0x06, 0x00, 0x00, 0x00, 0x04, 0x40, 0x00, 0x00, 0x0E, 0x00, 0x00, 0x00,
    0x00, 0x00, 0x00, 0x00, 0x04, 0x19, 0x00, 0x00, 0x00, 0x00, 0x00, 0x00, 0x0E, 0x00, 0x00, 0x00,
    0x00, 0x00, 0x00, 0x00, 0xF8, 0x18, 0x00, 0x00, 0x00, 0x00, 0x00, 0x00, 0x0C, 0x00, 0x00, 0x00,
    0x00, 0x00, 0x00, 0x00, 0x00, 0x00, 0x00, 0x00, 0x00, 0x00, 0x00, 0x00, 0x07, 0x00, 0x00, 0x00,
    0x00, 0x00, 0x00, 0x00, 0x00, 0x00, 0x00, 0x00, 0x00, 0x00, 0x00, 0x00, 0x15, 0x00, 0x00, 0x00,
    0x00, 0x00, 0x00, 0x00, 0x00, 0x00, 0x00, 0x00, 0x00, 0x00, 0x00, 0x00, 0x02, 0x00, 0x00, 0x00,
    0x00, 0x00, 0x00, 0x00, 0x00, 0x00, 0x00, 0x00, 0x00, 0x00, 0x00, 0x00, 0x06, 0x00, 0x00, 0x00,
    0x04, 0x40, 0x00, 0x00, 0x0E, 0x00, 0x00, 0x00, 0x00, 0x00, 0x00, 0x00, 0xA4, 0x18, 0x00, 0x00,
    0x00, 0x00, 0x00, 0x00, 0x0E, 0x00, 0x00, 0x00, 0x00, 0x00, 0x00, 0x00, 0x98, 0x18, 0x00, 0x00,
    0x00, 0x00, 0x00, 0x00, 0x0C, 0x00, 0x00, 0x00, 0x00, 0x00, 0x00, 0x00, 0x00, 0x00, 0x00, 0x00,
    0x00, 0x00, 0x00, 0x00, 0x07, 0x00, 0x00, 0x00, 0x00, 0x00, 0x00, 0x00, 0x00, 0x00, 0x00, 0x00,
    0x00, 0x00, 0x00, 0x00, 0x15, 0x00, 0x00, 0x00, 0x00, 0x00, 0x00, 0x00, 0x00, 0x00, 0x00, 0x00,
    0x00, 0x00, 0x00, 0x00, 0x02, 0x00, 0x00, 0x00, 0x00, 0x00, 0x00, 0x00, 0x00, 0x00, 0x00, 0x00,
    0x00, 0x00, 0x00, 0x00, 0x06, 0x00, 0x00, 0x00, 0x04, 0x40, 0x00, 0x00, 0x0E, 0x00, 0x00, 0x00,
    0x00, 0x00, 0x00, 0x00, 0x44, 0x18, 0x00, 0x00, 0x00, 0x00, 0x00, 0x00, 0x0E, 0x00, 0x00, 0x00,
    0x00, 0x00, 0x00, 0x00, 0x38, 0x18, 0x00, 0x00, 0x00, 0x00, 0x00, 0x00, 0x0C, 0x00, 0x00, 0x00,
    0x00, 0x00, 0x00, 0x00, 0x00, 0x00, 0x00, 0x00, 0x00, 0x00, 0x00, 0x00, 0x07, 0x00, 0x00, 0x00,
    0x00, 0x00, 0x00, 0x00, 0x00, 0x00, 0x00, 0x00, 0x00, 0x00, 0x00, 0x00, 0x15, 0x00, 0x00, 0x00,
    0x00, 0x00, 0x00, 0x00, 0x00, 0x00, 0x00, 0x00, 0x00, 0x00, 0x00, 0x00, 0x02, 0x00, 0x00, 0x00,
    0x00, 0x00, 0x00, 0x00, 0x00, 0x00, 0x00, 0x00, 0x00, 0x00, 0x00, 0x00, 0x06, 0x00, 0x00, 0x00,
    0x04, 0x40, 0x00, 0x00, 0x0E, 0x00, 0x00, 0x00, 0x00, 0x00, 0x00, 0x00, 0xE4, 0x17, 0x00, 0x00,
    0x00, 0x00, 0x00, 0x00, 0x0E, 0x00, 0x00, 0x00, 0x00, 0x00, 0x00, 0x00, 0xD8, 0x17, 0x00, 0x00,
    0x00, 0x00, 0x00, 0x00, 0x0C, 0x00, 0x00, 0x00, 0x00, 0x00, 0x00, 0x00, 0x00, 0x00, 0x00, 0x00,
    0x00, 0x00, 0x00, 0x00, 0x07, 0x00, 0x00, 0x00, 0x00, 0x00, 0x00, 0x00, 0x00, 0x00, 0x00, 0x00,
    0x00, 0x00, 0x00, 0x00, 0x15, 0x00, 0x00, 0x00, 0x00, 0x00, 0x00, 0x00, 0x00, 0x00, 0x00, 0x00,
    0x00, 0x00, 0x00, 0x00, 0x02, 0x00, 0x00, 0x00, 0x00, 0x00, 0x00, 0x00, 0x00, 0x00, 0x00, 0x00,
    0x00, 0x00, 0x00, 0x00, 0x06, 0x00, 0x00, 0x00, 0x04, 0x40, 0x00, 0x00, 0x0E, 0x00, 0x00, 0x00,
    0x00, 0x00, 0x00, 0x00, 0x84, 0x17, 0x00, 0x00, 0x00, 0x00, 0x00, 0x00, 0x0E, 0x00, 0x00, 0x00,
    0x00, 0x00, 0x00, 0x00, 0x78, 0x17, 0x00, 0x00, 0x00, 0x00, 0x00, 0x00, 0x0C, 0x00, 0x00, 0x00,
    0x00, 0x00, 0x00, 0x00, 0x00, 0x00, 0x00, 0x00, 0x00, 0x00, 0x00, 0x00, 0x07, 0x00, 0x00, 0x00,
    0x00, 0x00, 0x00, 0x00, 0x00, 0x00, 0x00, 0x00, 0x00, 0x00, 0x00, 0x00, 0x15, 0x00, 0x00, 0x00,
    0x00, 0x00, 0x00, 0x00, 0x00, 0x00, 0x00, 0x00, 0x00, 0x00, 0x00, 0x00, 0x02, 0x00, 0x00, 0x00,
    0x00, 0x00, 0x00, 0x00, 0x00, 0x00, 0x00, 0x00, 0x00, 0x00, 0x00, 0x00, 0x06, 0x00, 0x00, 0x00,
    0x04, 0x40, 0x00, 0x00, 0x0E, 0x00, 0x00, 0x00, 0x00, 0x00, 0x00, 0x00, 0x24, 0x17, 0x00, 0x00,
    0x00, 0x00, 0x00, 0x00, 0x0E, 0x00, 0x00, 0x00, 0x00, 0x00, 0x00, 0x00, 0x18, 0x17, 0x00, 0x00,
    0x00, 0x00, 0x00, 0x00, 0x0C, 0x00, 0x00, 0x00, 0x00, 0x00, 0x00, 0x00, 0x00, 0x00, 0x00, 0x00,
    0x00, 0x00, 0x00, 0x00, 0x07, 0x00, 0x00, 0x00, 0x00, 0x00, 0x00, 0x00, 0x00, 0x00, 0x00, 0x00,
    0x00, 0x00, 0x00, 0x00, 0x15, 0x00, 0x00, 0x00, 0x00, 0x00, 0x00, 0x00, 0x00, 0x00, 0x00, 0x00,
    0x00, 0x00, 0x00, 0x00, 0x02, 0x00, 0x00, 0x00, 0x00, 0x00, 0x00, 0x00, 0x00, 0x00, 0x00, 0x00,
    0x00, 0x00, 0x00, 0x00, 0x02, 0x00, 0x00, 0x00, 0x05, 0x40, 0x00, 0x00, 0x0E, 0x00, 0x00, 0x00,
    0x00, 0x00, 0x00, 0x00, 0xC4, 0x16, 0x00, 0x00, 0x00, 0x00, 0x00, 0x00, 0x02, 0x00, 0x00, 0x00,
    0x00, 0x00, 0x00, 0x00, 0x00, 0x00, 0x00, 0x00, 0x00, 0x00, 0x00, 0x00, 0x02, 0x00, 0x00, 0x00,
    0x06, 0x40, 0x00, 0x00, 0x0E, 0x00, 0x00, 0x00, 0x00, 0x00, 0x00, 0x00, 0xA0, 0x16, 0x00, 0x00,
    0x00, 0x00, 0x00, 0x00, 0x02, 0x00, 0x00, 0x00, 0x00, 0x00, 0x00, 0x00, 0x00, 0x00, 0x00, 0x00,
    0x00, 0x00, 0x00, 0x00, 0x02, 0x00, 0x00, 0x00, 0x06, 0x40, 0x00, 0x00, 0x0E, 0x00, 0x00, 0x00,
    0x00, 0x00, 0x00, 0x00, 0x7C, 0x16, 0x00, 0x00, 0x00, 0x00, 0x00, 0x00, 0x02, 0x00, 0x00, 0x00,
    0x00, 0x00, 0x00, 0x00, 0x00, 0x00, 0x00, 0x00, 0x00, 0x00, 0x00, 0x00, 0x00, 0x00, 0x00, 0x00,
    0x64, 0x16, 0x00, 0x00, 0x64, 0x16, 0x00, 0x00, 0x64, 0x16, 0x00, 0x00, 0x64, 0x16, 0x00, 0x00,
    0x64, 0x16, 0x00, 0x00, 0x64, 0x16, 0x00, 0x00, 0x64, 0x16, 0x00, 0x00, 0x64, 0x16, 0x00, 0x00,
    0x64, 0x16, 0x00, 0x00, 0x64, 0x16, 0x00, 0x00, 0x64, 0x16, 0x00, 0x00, 0x64, 0x16, 0x00, 0x00,
    0x64, 0x16, 0x00, 0x00, 0x64, 0x16, 0x00, 0x00, 0x64, 0x16, 0x00, 0x00, 0x64, 0x16, 0x00, 0x00,
    0x64, 0x16, 0x00, 0x00, 0x64, 0x16, 0x00, 0x00, 0x64, 0x16, 0x00, 0x00, 0x64, 0x16, 0x00, 0x00,
    0x64, 0x16, 0x00, 0x00, 0x64, 0x16, 0x00, 0x00, 0x64, 0x16, 0x00, 0x00, 0x64, 0x16, 0x00, 0x00,
    0x64, 0x16, 0x00, 0x00, 0x64, 0x16, 0x00, 0x00, 0x64, 0x16, 0x00, 0x00, 0x64, 0x16, 0x00, 0x00,
    0x64, 0x16, 0x00, 0x00, 0x64, 0x16, 0x00, 0x00, 0x64, 0x16, 0x00, 0x00, 0x64, 0x16, 0x00, 0x00,
    0x64, 0x16, 0x00, 0x00, 0x64, 0x16, 0x00, 0x00, 0x64, 0x16, 0x00, 0x00, 0x64, 0x16, 0x00, 0x00,
    0x64, 0x16, 0x00, 0x00, 0x64, 0x16, 0x00, 0x00, 0x64, 0x16, 0x00, 0x00, 0x64, 0x16, 0x00, 0x00,
    0x64, 0x16, 0x00, 0x00, 0x64, 0x16, 0x00, 0x00, 0x64, 0x16, 0x00, 0x00, 0x64, 0x16, 0x00, 0x00,
    0x64, 0x16, 0x00, 0x00, 0x64, 0x16, 0x00, 0x00, 0x64, 0x16, 0x00, 0x00, 0x64, 0x16, 0x00, 0x00,
    0x64, 0x16, 0x00, 0x00, 0x64, 0x16, 0x00, 0x00, 0x64, 0x16, 0x00, 0x00, 0x64, 0x16, 0x00, 0x00,
    0x64, 0x16, 0x00, 0x00, 0x64, 0x16, 0x00, 0x00, 0x64, 0x16, 0x00, 0x00, 0x64, 0x16, 0x00, 0x00,
    0x64, 0x16, 0x00, 0x00, 0x64, 0x16, 0x00, 0x00, 0x64, 0x16, 0x00, 0x00, 0x64, 0x16, 0x00, 0x00,
    0x64, 0x16, 0x00, 0x00, 0x64, 0x16, 0x00, 0x00, 0x64, 0x16, 0x00, 0x00, 0x64, 0x16, 0x00, 0x00,
    0x64, 0x16, 0x00, 0x00, 0x64, 0x16, 0x00, 0x00, 0x64, 0x16, 0x00, 0x00, 0x64, 0x16, 0x00, 0x00,
    0x64, 0x16, 0x00, 0x00, 0x64, 0x16, 0x00, 0x00, 0x64, 0x16, 0x00, 0x00, 0x64, 0x16, 0x00, 0x00,
    0x64, 0x16, 0x00, 0x00, 0x64, 0x16, 0x00, 0x00, 0x64, 0x16, 0x00, 0x00, 0x64, 0x16, 0x00, 0x00,
    0x64, 0x16, 0x00, 0x00, 0x64, 0x16, 0x00, 0x00, 0x64, 0x16, 0x00, 0x00, 0x64, 0x16, 0x00, 0x00,
    0x64, 0x16, 0x00, 0x00, 0x64, 0x16, 0x00, 0x00, 0x64, 0x16, 0x00, 0x00, 0x64, 0x16, 0x00, 0x00,
    0x64, 0x16, 0x00, 0x00, 0x64, 0x16, 0x00, 0x00, 0x64, 0x16, 0x00, 0x00, 0x64, 0x16, 0x00, 0x00,
    0x64, 0x16, 0x00, 0x00, 0x64, 0x16, 0x00, 0x00, 0x64, 0x16, 0x00, 0x00, 0x64, 0x16, 0x00, 0x00,
    0x64, 0x16, 0x00, 0x00, 0x64, 0x16, 0x00, 0x00, 0x64, 0x16, 0x00, 0x00, 0x64, 0x16, 0x00, 0x00,
    0x64, 0x16, 0x00, 0x00, 0x64, 0x16, 0x00, 0x00, 0x64, 0x16, 0x00, 0x00, 0x64, 0x16, 0x00, 0x00,
    0x64, 0x16, 0x00, 0x00, 0x64, 0x16, 0x00, 0x00, 0x64, 0x16, 0x00, 0x00, 0x64, 0x16, 0x00, 0x00,
    0x64, 0x16, 0x00, 0x00, 0x64, 0x16, 0x00, 0x00, 0x64, 0x16, 0x00, 0x00, 0x64, 0x16, 0x00, 0x00,
    0x64, 0x16, 0x00, 0x00, 0x64, 0x16, 0x00, 0x00, 0x64, 0x16, 0x00, 0x00, 0x64, 0x16, 0x00, 0x00,
    0x64, 0x16, 0x00, 0x00, 0x64, 0x16, 0x00, 0x00, 0x64, 0x16, 0x00, 0x00, 0x64, 0x16, 0x00, 0x00,
    0x64, 0x16, 0x00, 0x00, 0x64, 0x16, 0x00, 0x00, 0x64, 0x16, 0x00, 0x00, 0x64, 0x16, 0x00, 0x00,
    0x64, 0x16, 0x00, 0x00, 0x64, 0x16, 0x00, 0x00, 0x64, 0x16, 0x00, 0x00, 0x68, 0x16, 0x00, 0x00,
    0x68, 0x16, 0x00, 0x00, 0x68, 0x16, 0x00, 0x00, 0x68, 0x16, 0x00, 0x00, 0x70, 0x16, 0x00, 0x00,
    0x00, 0x00, 0x00, 0x00, 0x74, 0x16, 0x00, 0x00, 0x7C, 0x16, 0x00, 0x00, 0x01, 0x00, 0x00, 0x00,
    0x80, 0x16, 0x00, 0x00, 0x80, 0x16, 0x00, 0x00, 0x80, 0x16, 0x00, 0x00, 0x00, 0x00, 0x00, 0x00,
    0x84, 0x16, 0x00, 0x00, 0x84, 0x16, 0x00, 0x00, 0x84, 0x16, 0x00, 0x00, 0x84, 0x16, 0x00, 0x00,
    0x84, 0x16, 0x00, 0x00, 0x84, 0x16, 0x00, 0x00, 0x84, 0x16, 0x00, 0x00, 0x84, 0x16, 0x00, 0x00,
    0x84, 0x16, 0x00, 0x00, 0x84, 0x16, 0x00, 0x00, 0x84, 0x16, 0x00, 0x00, 0x84, 0x16, 0x00, 0x00,
    0x84, 0x16, 0x00, 0x00, 0x84, 0x16, 0x00, 0x00, 0x84, 0x16, 0x00, 0x00, 0x84, 0x16, 0x00, 0x00,
    0x84, 0x16, 0x00, 0x00, 0x84, 0x16, 0x00, 0x00, 0x84, 0x16, 0x00, 0x00, 0x84, 0x16, 0x00, 0x00,
    0x84, 0x16, 0x00, 0x00, 0x84, 0x16, 0x00, 0x00, 0x84, 0x16, 0x00, 0x00, 0x84, 0x16, 0x00, 0x00,
    0x84, 0x16, 0x00, 0x00, 0x84, 0x16, 0x00, 0x00, 0x84, 0x16, 0x00, 0x00, 0x84, 0x16, 0x00, 0x00,
    0x84, 0x16, 0x00, 0x00, 0x84, 0x16, 0x00, 0x00, 0x84, 0x16, 0x00, 0x00, 0x84, 0x16, 0x00, 0x00,
    0x84, 0x16, 0x00, 0x00, 0x84, 0x16, 0x00, 0x00, 0x84, 0x16, 0x00, 0x00, 0x84, 0x16, 0x00, 0x00,
    0x84, 0x16, 0x00, 0x00, 0x84, 0x16, 0x00, 0x00, 0x84, 0x16, 0x00, 0x00, 0x84, 0x16, 0x00, 0x00,
    0x84, 0x16, 0x00, 0x00, 0x84, 0x16, 0x00, 0x00, 0x84, 0x16, 0x00, 0x00, 0x84, 0x16, 0x00, 0x00,
    0x84, 0x16, 0x00, 0x00, 0x84, 0x16, 0x00, 0x00, 0x84, 0x16, 0x00, 0x00, 0x84, 0x16, 0x00, 0x00,
    0x84, 0x16, 0x00, 0x00, 0x84, 0x16, 0x00, 0x00, 0x84, 0x16, 0x00, 0x00, 0x84, 0x16, 0x00, 0x00,
    0x84, 0x16, 0x00, 0x00, 0x84, 0x16, 0x00, 0x00, 0x84, 0x16, 0x00, 0x00, 0x84, 0x16, 0x00, 0x00,
    0x84, 0x16, 0x00, 0x00, 0x84, 0x16, 0x00, 0x00, 0x84, 0x16, 0x00, 0x00, 0x84, 0x16, 0x00, 0x00,
    0x84, 0x16, 0x00, 0x00, 0x84, 0x16, 0x00, 0x00, 0x84, 0x16, 0x00, 0x00, 0x84, 0x16, 0x00, 0x00,
    0x84, 0x16, 0x00, 0x00, 0x84, 0x16, 0x00, 0x00, 0x8C, 0x16, 0x00, 0x00, 0x8C, 0x16, 0x00, 0x00,
    0x8C, 0x16, 0x00, 0x00, 0x8C, 0x16, 0x00, 0x00, 0x94, 0x16, 0x00, 0x00, 0x9C, 0x16, 0x00, 0x00,
    0x9C, 0x16, 0x00, 0x00, 0x9C, 0x16, 0x00, 0x00, 0x9C, 0x16, 0x00, 0x00, 0x00, 0x00, 0x00, 0x00,
    0x98, 0x16, 0x00, 0x00, 0x98, 0x16, 0x00, 0x00, 0x01, 0x00, 0x00, 0x00, 0x9C, 0x16, 0x00, 0x00,
    0xA4, 0x16, 0x00, 0x00, 0xAC, 0x16, 0x00, 0x00, 0xB4, 0x16, 0x00, 0x00, 0xBC, 0x16, 0x00, 0x00,
    0xC4, 0x16, 0x00, 0x00, 0xCC, 0x16, 0x00, 0x00, 0xD4, 0x16, 0x00, 0x00, 0xDC, 0x16, 0x00, 0x00,
    0xE4, 0x16, 0x00, 0x00, 0xEC, 0x16, 0x00, 0x00, 0x02, 0x00, 0x00, 0x00, 0xF0, 0x16, 0x00, 0x00,
    0xF8, 0x16, 0x00, 0x00, 0x03, 0x00, 0x00, 0x00, 0xFC, 0x16, 0x00, 0x00, 0x04, 0x17, 0x00, 0x00,
    0x04, 0x00, 0x00, 0x00, 0x08, 0x17, 0x00, 0x00, 0x10, 0x17, 0x00, 0x00, 0x00, 0x00, 0x00, 0x00,
    0x14, 0x17, 0x00, 0x00, 0x14, 0x17, 0x00, 0x00, 0x14, 0x17, 0x00, 0x00, 0x14, 0x17, 0x00, 0x00,
    0x18, 0x17, 0x00, 0x00, 0x18, 0x17, 0x00, 0x00, 0x18, 0x17, 0x00, 0x00, 0x18, 0x17, 0x00, 0x00,
    0x18, 0x17, 0x00, 0x00, 0x18, 0x17, 0x00, 0x00, 0x18, 0x17, 0x00, 0x00, 0x18, 0x17, 0x00, 0x00,
    0x1C, 0x17, 0x00, 0x00, 0x1C, 0x17, 0x00, 0x00, 0x1C, 0x17, 0x00, 0x00, 0x1C, 0x17, 0x00, 0x00,
    0x1C, 0x17, 0x00, 0x00, 0x1C, 0x17, 0x00, 0x00, 0x1C, 0x17, 0x00, 0x00, 0x4C, 0x56, 0x47, 0x4C,
    0x2E, 0x4C, 0x56, 0x5F, 0x53, 0x59, 0x4D, 0x42, 0x4F, 0x4C, 0x5F, 0x57, 0x49, 0x46, 0x49, 0x00,
    0x08, 0x17, 0x00, 0x00, 0x08, 0x17, 0x00, 0x00, 0x08, 0x17, 0x00, 0x00, 0x08, 0x17, 0x00, 0x00,
    0x08, 0x17, 0x00, 0x00, 0x08, 0x17, 0x00, 0x00, 0x08, 0x17, 0x00, 0x00, 0x08, 0x17, 0x00, 0x00,
    0x08, 0x17, 0x00, 0x00, 0x08, 0x17, 0x00, 0x00, 0x08, 0x17, 0x00, 0x00, 0x08, 0x17, 0x00, 0x00,
    0x08, 0x17, 0x00, 0x00, 0x08, 0x17, 0x00, 0x00, 0x08, 0x17, 0x00, 0x00, 0x08, 0x17, 0x00, 0x00,
    0x08, 0x17, 0x00, 0x00, 0x08, 0x17, 0x00, 0x00, 0x08, 0x17, 0x00, 0x00, 0x08, 0x17, 0x00, 0x00,
    0x08, 0x17, 0x00, 0x00, 0x08, 0x17, 0x00, 0x00, 0x08, 0x17, 0x00, 0x00, 0x08, 0x17, 0x00, 0x00,
    0x08, 0x17, 0x00, 0x00, 0x08, 0x17, 0x00, 0x00, 0x08, 0x17, 0x00, 0x00, 0x08, 0x17, 0x00, 0x00,
    0x08, 0x17, 0x00, 0x00, 0x10, 0x17, 0x00, 0x00, 0x10, 0x17, 0x00, 0x00, 0x10, 0x17, 0x00, 0x00,
    0x10, 0x17, 0x00, 0x00, 0x10, 0x17, 0x00, 0x00, 0x10, 0x17, 0x00, 0x00, 0x10, 0x17, 0x00, 0x00,
    0x10, 0x17, 0x00, 0x00, 0x10, 0x17, 0x00, 0x00, 0x10, 0x17, 0x00, 0x00, 0x10, 0x17, 0x00, 0x00,
    0x10, 0x17, 0x00, 0x00, 0x10, 0x17, 0x00, 0x00, 0x10, 0x17, 0x00, 0x00, 0x10, 0x17, 0x00, 0x00,
    0x10, 0x17, 0x00, 0x00, 0x10, 0x17, 0x00, 0x00, 0x10, 0x17, 0x00, 0x00, 0x10, 0x17, 0x00, 0x00,
    0x10, 0x17, 0x00, 0x00, 0x10, 0x17, 0x00, 0x00, 0x10, 0x17, 0x00, 0x00, 0x10, 0x17, 0x00, 0x00,
    0x10, 0x17, 0x00, 0x00, 0x10, 0x17, 0x00, 0x00, 0x10, 0x17, 0x00, 0x00, 0x10, 0x17, 0x00, 0x00,
    0x10, 0x17, 0x00, 0x00, 0x10, 0x17, 0x00, 0x00, 0x10, 0x17, 0x00, 0x00, 0x10, 0x17, 0x00, 0x00,
    0x10, 0x17, 0x00, 0x00, 0x10, 0x17, 0x00, 0x00, 0x10, 0x17, 0x00, 0x00, 0x10, 0x17, 0x00, 0x00,
    0x10, 0x17, 0x00, 0x00, 0x10, 0x17, 0x00, 0x00, 0x10, 0x17, 0x00, 0x00, 0x10, 0x17, 0x00, 0x00,
    0x10, 0x17, 0x00, 0x00, 0x10, 0x17, 0x00, 0x00, 0x10, 0x17, 0x00, 0x00, 0x10, 0x17, 0x00, 0x00,
    0x10, 0x17, 0x00, 0x00, 0x10, 0x17, 0x00, 0x00, 0x10, 0x17, 0x00, 0x00, 0x10, 0x17, 0x00, 0x00,
    0x10, 0x17, 0x00, 0x00, 0x10, 0x17, 0x00, 0x00, 0x10, 0x17, 0x00, 0x00, 0x10, 0x17, 0x00, 0x00,
    0x10, 0x17, 0x00, 0x00, 0x10, 0x17, 0x00, 0x00, 0x10, 0x17, 0x00, 0x00, 0x10, 0x17, 0x00, 0x00,
    0x10, 0x17, 0x00, 0x00, 0x10, 0x17, 0x00, 0x00, 0x10, 0x17, 0x00, 0x00, 0x10, 0x17, 0x00, 0x00,
    0x10, 0x17, 0x00, 0x00, 0x10, 0x17, 0x00, 0x00, 0x10, 0x17, 0x00, 0x00, 0x10, 0x17, 0x00, 0x00,
    0x10, 0x17, 0x00, 0x00, 0x10, 0x17, 0x00, 0x00, 0x10, 0x17, 0x00, 0x00, 0x10, 0x17, 0x00, 0x00,
    0x10, 0x17, 0x00, 0x00, 0x10, 0x17, 0x00, 0x00, 0x10, 0x17, 0x00, 0x00, 0x10, 0x17, 0x00, 0x00,
    0x10, 0x17, 0x00, 0x00, 0x10, 0x17, 0x00, 0x00, 0x10, 0x17, 0x00, 0x00, 0x10, 0x17, 0x00, 0x00,
    0x10, 0x17, 0x00, 0x00, 0x10, 0x17, 0x00, 0x00, 0x10, 0x17, 0x00, 0x00, 0x10, 0x17, 0x00, 0x00,
    0x10, 0x17, 0x00, 0x00, 0x10, 0x17, 0x00, 0x00, 0x10, 0x17, 0x00, 0x00, 0x10, 0x17, 0x00, 0x00,
    0x10, 0x17, 0x00, 0x00, 0x10, 0x17, 0x00, 0x00, 0x10, 0x17, 0x00, 0x00, 0x10, 0x17, 0x00, 0x00,
    0x10, 0x17, 0x00, 0x00, 0x10, 0x17, 0x00, 0x00, 0x10, 0x17, 0x00, 0x00, 0x10, 0x17, 0x00, 0x00,
    0x10, 0x17, 0x00, 0x00, 0x10, 0x17, 0x00, 0x00, 0x10, 0x17, 0x00, 0x00, 0x10, 0x17, 0x00, 0x00,
    0x10, 0x17, 0x00, 0x00, 0x10, 0x17, 0x00, 0x00, 0x10, 0x17, 0x00, 0x00, 0x10, 0x17, 0x00, 0x00,
    0x10, 0x17, 0x00, 0x00, 0x10, 0x17, 0x00, 0x00, 0x10, 0x17, 0x00, 0x00, 0x10, 0x17, 0x00, 0x00,
    0x10, 0x17, 0x00, 0x00, 0x10, 0x17, 0x00, 0x00, 0x10, 0x17, 0x00, 0x00, 0x10, 0x17, 0x00, 0x00,
    0x10, 0x17, 0x00, 0x00, 0x10, 0x17, 0x00, 0x00, 0x10, 0x17, 0x00, 0x00, 0x10, 0x17, 0x00, 0x00,
    0x10, 0x17, 0x00, 0x00, 0x10, 0x17, 0x00, 0x00, 0x10, 0x17, 0x00, 0x00, 0x10, 0x17, 0x00, 0x00,
    0x10, 0x17, 0x00, 0x00, 0x10, 0x17, 0x00, 0x00, 0x10, 0x17, 0x00, 0x00, 0x10, 0x17, 0x00, 0x00,
    0x10, 0x17, 0x00, 0x00, 0x10, 0x17, 0x00, 0x00, 0x10, 0x17, 0x00, 0x00, 0x18, 0x17, 0x00, 0x00,
    0x18, 0x17, 0x00, 0x00, 0x18, 0x17, 0x00, 0x00, 0x18, 0x17, 0x00, 0x00, 0x18, 0x17, 0x00, 0x00,
    0x18, 0x17, 0x00, 0x00, 0x18, 0x17, 0x00, 0x00, 0x18, 0x17, 0x00, 0x00, 0x18, 0x17, 0x00, 0x00,
    0x20, 0x17, 0x00, 0x00, 0x20, 0x17, 0x00, 0x00, 0x20, 0x17, 0x00, 0x00, 0x20, 0x17, 0x00, 0x00,
    0x20, 0x17, 0x00, 0x00, 0x20, 0x17, 0x00, 0x00, 0x20, 0x17, 0x00, 0x00, 0x20, 0x17, 0x00, 0x00,
    0x20, 0x17, 0x00, 0x00, 0x28, 0x17, 0x00, 0x00, 0x28, 0x17, 0x00, 0x00, 0x28, 0x17, 0x00, 0x00,
    0x28, 0x17, 0x00, 0x00, 0x28, 0x17, 0x00, 0x00, 0x28, 0x17, 0x00, 0x00, 0x28, 0x17, 0x00, 0x00,
    0x28, 0x17, 0x00, 0x00, 0x28, 0x17, 0x00, 0x00, 0x30, 0x17, 0x00, 0x00, 0x30, 0x17, 0x00, 0x00,
    0x30, 0x17, 0x00, 0x00, 0x30, 0x17, 0x00, 0x00, 0x30, 0x17, 0x00, 0x00, 0x30, 0x17, 0x00, 0x00,
    0x30, 0x17, 0x00, 0x00, 0x30, 0x17, 0x00, 0x00, 0x30, 0x17, 0x00, 0x00, 0x38, 0x17, 0x00, 0x00,
    0x38, 0x17, 0x00, 0x00, 0x38, 0x17, 0x00, 0x00, 0x38, 0x17, 0x00, 0x00, 0x38, 0x17, 0x00, 0x00,
    0x38, 0x17, 0x00, 0x00, 0x38, 0x17, 0x00, 0x00, 0x38, 0x17, 0x00, 0x00, 0x38, 0x17, 0x00, 0x00,
    0x40, 0x17, 0x00, 0x00, 0x40, 0x17, 0x00, 0x00, 0x40, 0x17, 0x00, 0x00, 0x40, 0x17, 0x00, 0x00,
    0x40, 0x17, 0x00, 0x00, 0x40, 0x17, 0x00, 0x00, 0x40, 0x17, 0x00, 0x00, 0x40, 0x17, 0x00, 0x00,
    0x40, 0x17, 0x00, 0x00, 0x48, 0x17, 0x00, 0x00, 0x48, 0x17, 0x00, 0x00, 0x48, 0x17, 0x00, 0x00,
    0x48, 0x17, 0x00, 0x00, 0x48, 0x17, 0x00, 0x00, 0x48, 0x17, 0x00, 0x00, 0x48, 0x17, 0x00, 0x00,
    0x48, 0x17, 0x00, 0x00, 0x48, 0x17, 0x00, 0x00, 0x50, 0x17, 0x00, 0x00, 0x50, 0x17, 0x00, 0x00,
    0x50, 0x17, 0x00, 0x00, 0x50, 0x17, 0x00, 0x00, 0x50, 0x17, 0x00, 0x00, 0x50, 0x17, 0x00, 0x00,
    0x50, 0x17, 0x00, 0x00, 0x50, 0x17, 0x00, 0x00, 0x50, 0x17, 0x00, 0x00, 0x58, 0x17, 0x00, 0x00,
    0x58, 0x17, 0x00, 0x00, 0x58, 0x17, 0x00, 0x00, 0x58, 0x17, 0x00, 0x00, 0x58, 0x17, 0x00, 0x00,
    0x58, 0x17, 0x00, 0x00, 0x58, 0x17, 0x00, 0x00, 0x58, 0x17, 0x00, 0x00, 0x58, 0x17, 0x00, 0x00,
    0x60, 0x17, 0x00, 0x00, 0x60, 0x17, 0x00, 0x00, 0x60, 0x17, 0x00, 0x00, 0x60, 0x17, 0x00, 0x00,
    0x60, 0x17, 0x00, 0x00, 0x60, 0x17, 0x00, 0x00, 0x60, 0x17, 0x00, 0x00, 0x6C, 0x17, 0x00, 0x00,
    0x74, 0x17, 0x00, 0x00, 0x74, 0x17, 0x00, 0x00, 0x74, 0x17, 0x00, 0x00, 0x74, 0x17, 0x00, 0x00,
    0x74, 0x17, 0x00, 0x00, 0x74, 0x17, 0x00, 0x00, 0x74, 0x17, 0x00, 0x00, 0x74, 0x17, 0x00, 0x00,
    0x74, 0x17, 0x00, 0x00, 0x74, 0x17, 0x00, 0x00, 0x74, 0x17, 0x00, 0x00, 0x74, 0x17, 0x00, 0x00,
    0x74, 0x17, 0x00, 0x00, 0x74, 0x17, 0x00, 0x00, 0x74, 0x17, 0x00, 0x00, 0x74, 0x17, 0x00, 0x00,
    0x74, 0x17, 0x00, 0x00, 0x74, 0x17, 0x00, 0x00, 0x74, 0x17, 0x00, 0x00, 0x74, 0x17, 0x00, 0x00,
    0x74, 0x17, 0x00, 0x00, 0x74, 0x17, 0x00, 0x00, 0x74, 0x17, 0x00, 0x00, 0x74, 0x17, 0x00, 0x00,
    0x74, 0x17, 0x00, 0x00, 0x74, 0x17, 0x00, 0x00, 0x74, 0x17, 0x00, 0x00, 0x74, 0x17, 0x00, 0x00,
    0x7C, 0x17, 0x00, 0x00, 0x7C, 0x17, 0x00, 0x00, 0x7C, 0x17, 0x00, 0x00, 0x7C, 0x17, 0x00, 0x00,
    0x7C, 0x17, 0x00, 0x00, 0x7C, 0x17, 0x00, 0x00, 0x7C, 0x17, 0x00, 0x00, 0x7C, 0x17, 0x00, 0x00,
    0x7C, 0x17, 0x00, 0x00, 0x7C, 0x17, 0x00, 0x00, 0x7C, 0x17, 0x00, 0x00, 0x7C, 0x17, 0x00, 0x00,
    0x7C, 0x17, 0x00, 0x00, 0x7C, 0x17, 0x00, 0x00, 0x7C, 0x17, 0x00, 0x00, 0x7C, 0x17, 0x00, 0x00,
    0x7C, 0x17, 0x00, 0x00, 0x7C, 0x17, 0x00, 0x00, 0x7C, 0x17, 0x00, 0x00, 0x7C, 0x17, 0x00, 0x00,
    0x7C, 0x17, 0x00, 0x00, 0x7C, 0x17, 0x00, 0x00, 0x7C, 0x17, 0x00, 0x00, 0x7C, 0x17, 0x00, 0x00,
    0x7C, 0x17, 0x00, 0x00, 0x7C, 0x17, 0x00, 0x00, 0x7C, 0x17, 0x00, 0x00, 0x7C, 0x17, 0x00, 0x00,
    0x7C, 0x17, 0x00, 0x00, 0x7C, 0x17, 0x00, 0x00, 0x7C, 0x17, 0x00, 0x00, 0x7C, 0x17, 0x00, 0x00,
    0x7C, 0x17, 0x00, 0x00, 0x7C, 0x17, 0x00, 0x00, 0x7C, 0x17, 0x00, 0x00, 0x7C, 0x17, 0x00, 0x00,
    0x7C, 0x17, 0x00, 0x00, 0x7C, 0x17, 0x00, 0x00, 0x7C, 0x17, 0x00, 0x00, 0x7C, 0x17, 0x00, 0x00,
    0x7C, 0x17, 0x00, 0x00, 0x7C, 0x17, 0x00, 0x00, 0x7C, 0x17, 0x00, 0x00, 0x7C, 0x17, 0x00, 0x00,
    0x7C, 0x17, 0x00, 0x00, 0x7C, 0x17, 0x00, 0x00, 0x7C, 0x17, 0x00, 0x00, 0x7C, 0x17, 0x00, 0x00,
    0x7C, 0x17, 0x00, 0x00, 0x7C, 0x17, 0x00, 0x00, 0x7C, 0x17, 0x00, 0x00, 0x7C, 0x17, 0x00, 0x00,
    0x7C, 0x17, 0x00, 0x00, 0x7C, 0x17, 0x00, 0x00, 0x7C, 0x17, 0x00, 0x00, 0x7C, 0x17, 0x00, 0x00,
    0x7C, 0x17, 0x00, 0x00, 0x7C, 0x17, 0x00, 0x00, 0x7C, 0x17, 0x00, 0x00, 0x7C, 0x17, 0x00, 0x00,
    0x7C, 0x17, 0x00, 0x00, 0x7C, 0x17, 0x00, 0x00, 0x7C, 0x17, 0x00, 0x00, 0x7C, 0x17, 0x00, 0x00,
    0x7C, 0x17, 0x00, 0x00, 0x7C, 0x17, 0x00, 0x00, 0x7C, 0x17, 0x00, 0x00, 0x7C, 0x17, 0x00, 0x00,
    0x7C, 0x17, 0x00, 0x00, 0x7C, 0x17, 0x00, 0x00, 0x7C, 0x17, 0x00, 0x00, 0x7C, 0x17, 0x00, 0x00,
    0x7C, 0x17, 0x00, 0x00, 0x7C, 0x17, 0x00, 0x00, 0x7C, 0x17, 0x00, 0x00, 0x7C, 0x17, 0x00, 0x00,
    0x7C, 0x17, 0x00, 0x00, 0x7C, 0x17, 0x00, 0x00, 0x7C, 0x17, 0x00, 0x00, 0x7C, 0x17, 0x00, 0x00,
    0x7C, 0x17, 0x00, 0x00, 0x7C, 0x17, 0x00, 0x00, 0x7C, 0x17, 0x00, 0x00, 0x7C, 0x17, 0x00, 0x00,
    0x7C, 0x17, 0x00, 0x00, 0x7C, 0x17, 0x00, 0x00, 0x7C, 0x17, 0x00, 0x00, 0x7C, 0x17, 0x00, 0x00,
    0x7C, 0x17, 0x00, 0x00, 0x7C, 0x17, 0x00, 0x00, 0x7C, 0x17, 0x00, 0x00, 0x7C, 0x17, 0x00, 0x00,
    0x7C, 0x17, 0x00, 0x00, 0x7C, 0x17, 0x00, 0x00, 0x7C, 0x17, 0x00, 0x00, 0x7C, 0x17, 0x00, 0x00,
    0x7C, 0x17, 0x00, 0x00, 0x7C, 0x17, 0x00, 0x00, 0x7C, 0x17, 0x00, 0x00, 0x7C, 0x17, 0x00, 0x00,
    0x7C, 0x17, 0x00, 0x00, 0x7C, 0x17, 0x00, 0x00, 0x7C, 0x17, 0x00, 0x00, 0x7C, 0x17, 0x00, 0x00,
    0x7C, 0x17, 0x00, 0x00, 0x7C, 0x17, 0x00, 0x00, 0x7C, 0x17, 0x00, 0x00, 0x7C, 0x17, 0x00, 0x00,
    0x7C, 0x17, 0x00, 0x00, 0x7C, 0x17, 0x00, 0x00, 0x7C, 0x17, 0x00, 0x00, 0x7C, 0x17, 0x00, 0x00,
    0x7C, 0x17, 0x00, 0x00, 0x7C, 0x17, 0x00, 0x00, 0x7C, 0x17, 0x00, 0x00, 0x7C, 0x17, 0x00, 0x00,
    0x7C, 0x17, 0x00, 0x00, 0x7C, 0x17, 0x00, 0x00, 0x7C, 0x17, 0x00, 0x00, 0x88, 0x17, 0x00, 0x00,
    0x90, 0x17, 0x00, 0x00, 0x90, 0x17, 0x00, 0x00, 0x90, 0x17, 0x00, 0x00, 0x90, 0x17, 0x00, 0x00,
    0x00, 0x00, 0x00, 0x00, 0x94, 0x17, 0x00, 0x00, 0x94, 0x17, 0x00, 0x00, 0x06, 0x00, 0x00, 0x00,
    0x01, 0x40, 0x00, 0x00, 0x07, 0x00, 0x00, 0x00, 0x00, 0x00, 0x00, 0x00, 0x00, 0x00, 0x00, 0x00,
    0x00, 0x00, 0x00, 0x00, 0x0E, 0x00, 0x00, 0x00, 0x00, 0x00, 0x00, 0x00, 0x7C, 0x17, 0x00, 0x00,
    0x00, 0x00, 0x00, 0x00, 0x07, 0x00, 0x00, 0x00, 0x00, 0x00, 0x00, 0x00, 0x00, 0x00, 0x00, 0x00,
    0x00, 0x00, 0x00, 0x00, 0x07, 0x00, 0x00, 0x00, 0x00, 0x00, 0x00, 0x00, 0x00, 0x00, 0x00, 0x00,
    0x00, 0x00, 0x00, 0x00, 0x0E, 0x00, 0x00, 0x00, 0x00, 0x00, 0x00, 0x00, 0x50, 0x17, 0x00, 0x00,
    0x00, 0x00, 0x00, 0x00, 0x02, 0x00, 0x00, 0x00, 0x00, 0x00, 0x00, 0x00, 0x00, 0x00, 0x00, 0x00,
    0x00, 0x00, 0x00, 0x00, 0x3C, 0x17, 0x00, 0x00, 0x3C, 0x17, 0x00, 0x00, 0x3C, 0x17, 0x00, 0x00,
    0x3C, 0x17, 0x00, 0x00, 0x3C, 0x17, 0x00, 0x00, 0x3C, 0x17, 0x00, 0x00, 0x3C, 0x17, 0x00, 0x00,
    0x44, 0x17, 0x00, 0x00, 0x44, 0x17, 0x00, 0x00, 0x44, 0x17, 0x00, 0x00, 0x44, 0x17, 0x00, 0x00,
    0x44, 0x17, 0x00, 0x00, 0x44, 0x17, 0x00, 0x00, 0x44, 0x17, 0x00, 0x00, 0x44, 0x17, 0x00, 0x00,
    0x4C, 0x17, 0x00, 0x00, 0x4C, 0x17, 0x00, 0x00, 0x4C, 0x17, 0x00, 0x00, 0x4C, 0x17, 0x00, 0x00,
    0x4C, 0x17, 0x00, 0x00, 0x54, 0x17, 0x00, 0x00, 0x54, 0x17, 0x00, 0x00, 0x54, 0x17, 0x00, 0x00,
    0x54, 0x17, 0x00, 0x00, 0x54, 0x17, 0x00, 0x00, 0x5C, 0x17, 0x00, 0x00, 0x5C, 0x17, 0x00, 0x00,
    0x5C, 0x17, 0x00, 0x00, 0x5C, 0x17, 0x00, 0x00, 0x5C, 0x17, 0x00, 0x00, 0x64, 0x17, 0x00, 0x00,
    0x64, 0x17, 0x00, 0x00, 0x64, 0x17, 0x00, 0x00, 0x64, 0x17, 0x00, 0x00, 0x64, 0x17, 0x00, 0x00,
    0x64, 0x17, 0x00, 0x00, 0x64, 0x17, 0x00, 0x00, 0x6C, 0x17, 0x00, 0x00, 0x6C, 0x17, 0x00, 0x00,
    0x6C, 0x17, 0x00, 0x00, 0x6C, 0x17, 0x00, 0x00, 0x6C, 0x17, 0x00, 0x00, 0x6C, 0x17, 0x00, 0x00,
    0x6C, 0x17, 0x00, 0x00, 0x74, 0x17, 0x00, 0x00, 0x74, 0x17, 0x00, 0x00, 0x74, 0x17, 0x00, 0x00,
    0x74, 0x17, 0x00, 0x00, 0x74, 0x17, 0x00, 0x00, 0x74, 0x17, 0x00, 0x00, 0x74, 0x17, 0x00, 0x00,
    0x7C, 0x17, 0x00, 0x00, 0x7C, 0x17, 0x00, 0x00, 0x7C, 0x17, 0x00, 0x00, 0x7C, 0x17, 0x00, 0x00,
    0x7C, 0x17, 0x00, 0x00, 0x7C, 0x17, 0x00, 0x00, 0x7C, 0x17, 0x00, 0x00, 0x84, 0x17, 0x00, 0x00,
    0x84, 0x17, 0x00, 0x00, 0x84, 0x17, 0x00, 0x00, 0x00, 0x00, 0x00, 0x00, 0x80, 0x17, 0x00, 0x00,
    0x88, 0x17, 0x00, 0x00, 0x01, 0x00, 0x00, 0x00, 0x88, 0x17, 0x00, 0x00, 0x90, 0x17, 0x00, 0x00,
    0x02, 0x00, 0x00, 0x00, 0x90, 0x17, 0x00, 0x00, 0x98, 0x17, 0x00, 0x00, 0x03, 0x00, 0x00, 0x00,
    0x98, 0x17, 0x00, 0x00, 0xA0, 0x17, 0x00, 0x00, 0xA4, 0x17, 0x00, 0x00, 0xA4, 0x17, 0x00, 0x00,
    0xA4, 0x17, 0x00, 0x00, 0xA4, 0x17, 0x00, 0x00, 0xA4, 0x17, 0x00, 0x00, 0xA4, 0x17, 0x00, 0x00,
    0xA4, 0x17, 0x00, 0x00, 0xAC, 0x17, 0x00, 0x00, 0xAC, 0x17, 0x00, 0x00, 0xAC, 0x17, 0x00, 0x00,
    0xAC, 0x17, 0x00, 0x00, 0xB4, 0x17, 0x00, 0x00, 0xB4, 0x17, 0x00, 0x00, 0xB4, 0x17, 0x00, 0x00,
    0xB4, 0x17, 0x00, 0x00, 0xB4, 0x17, 0x00, 0x00, 0xB4, 0x17, 0x00, 0x00, 0xB4, 0x17, 0x00, 0x00,
    0xB4, 0x17, 0x00, 0x00, 0xB4, 0x17, 0x00, 0x00, 0xB4, 0x17, 0x00, 0x00, 0xB4, 0x17, 0x00, 0x00,
    0xB4, 0x17, 0x00, 0x00, 0xB4, 0x17, 0x00, 0x00, 0xB4, 0x17, 0x00, 0x00, 0xB4, 0x17, 0x00, 0x00,
    0xB4, 0x17, 0x00, 0x00, 0xB4, 0x17, 0x00, 0x00, 0xB4, 0x17, 0x00, 0x00, 0xB4, 0x17, 0x00, 0x00,
    0xB4, 0x17, 0x00, 0x00, 0xB4, 0x17, 0x00, 0x00, 0xB4, 0x17, 0x00, 0x00, 0xB4, 0x17, 0x00, 0x00,
    0xB4, 0x17, 0x00, 0x00, 0xB4, 0x17, 0x00, 0x00, 0xB4, 0x17, 0x00, 0x00, 0xB4, 0x17, 0x00, 0x00,
    0xB4, 0x17, 0x00, 0x00, 0xB4, 0x17, 0x00, 0x00, 0xB4, 0x17, 0x00, 0x00, 0xB4, 0x17, 0x00, 0x00,
    0xB4, 0x17, 0x00, 0x00, 0xB4, 0x17, 0x00, 0x00, 0xB4, 0x17, 0x00, 0x00, 0xB4, 0x17, 0x00, 0x00,
    0xB4, 0x17, 0x00, 0x00, 0xB4, 0x17, 0x00, 0x00, 0xB4, 0x17, 0x00, 0x00, 0xB4, 0x17, 0x00, 0x00,
    0xB4, 0x17, 0x00, 0x00, 0xB4, 0x17, 0x00, 0x00, 0xB4, 0x17, 0x00, 0x00, 0xB4, 0x17, 0x00, 0x00,
    0xB4, 0x17, 0x00, 0x00, 0xB4, 0x17, 0x00, 0x00, 0xB4, 0x17, 0x00, 0x00, 0xB4, 0x17, 0x00, 0x00,
    0xB4, 0x17, 0x00, 0x00, 0xB4, 0x17, 0x00, 0x00, 0xB4, 0x17, 0x00, 0x00, 0xB4, 0x17, 0x00, 0x00,
    0xB4, 0x17, 0x00, 0x00, 0xB4, 0x17, 0x00, 0x00, 0xB4, 0x17, 0x00, 0x00, 0xB4, 0x17, 0x00, 0x00,
    0xB4, 0x17, 0x00, 0x00, 0xB4, 0x17, 0x00, 0x00, 0xB4, 0x17, 0x00, 0x00, 0xB4, 0x17, 0x00, 0x00,
    0xB4, 0x17, 0x00, 0x00, 0xB4, 0x17, 0x00, 0x00, 0xB4, 0x17, 0x00, 0x00, 0xB4, 0x17, 0x00, 0x00,
    0xB4, 0x17, 0x00, 0x00, 0xB4, 0x17, 0x00, 0x00, 0xB4, 0x17, 0x00, 0x00, 0x00, 0x00, 0x00, 0x00,
    0xB0, 0x17, 0x00, 0x00, 0xB8, 0x17, 0x00, 0x00, 0xB8, 0x17, 0x00, 0x00, 0xB8, 0x17, 0x00, 0x00,
    0xB8, 0x17, 0x00, 0x00, 0xB8, 0x17, 0x00, 0x00, 0xB8, 0x17, 0x00, 0x00, 0xB8, 0x17, 0x00, 0x00,
    0xB8, 0x17, 0x00, 0x00, 0xB8, 0x17, 0x00, 0x00, 0xB8, 0x17, 0x00, 0x00, 0xB8, 0x17, 0x00, 0x00,
    0xB8, 0x17, 0x00, 0x00, 0xB8, 0x17, 0x00, 0x00, 0xB8, 0x17, 0x00, 0x00, 0xB8, 0x17, 0x00, 0x00,
    0xB8, 0x17, 0x00, 0x00, 0xB8, 0x17, 0x00, 0x00, 0xB8, 0x17, 0x00, 0x00, 0xB8, 0x17, 0x00, 0x00,
    0xB8, 0x17, 0x00, 0x00, 0xB8, 0x17, 0x00, 0x00, 0xB8, 0x17, 0x00, 0x00, 0xB8, 0x17, 0x00, 0x00,
    0xB8, 0x17, 0x00, 0x00, 0xB8, 0x17, 0x00, 0x00, 0xB8, 0x17, 0x00, 0x00, 0xB8, 0x17, 0x00, 0x00,
    0xB8, 0x17, 0x00, 0x00, 0xB8, 0x17, 0x00, 0x00, 0xB8, 0x17, 0x00, 0x00, 0xB8, 0x17, 0x00, 0x00,
    0xB8, 0x17, 0x00, 0x00, 0xB8, 0x17, 0x00, 0x00, 0xB8, 0x17, 0x00, 0x00, 0xB8, 0x17, 0x00, 0x00,
    0xB8, 0x17, 0x00, 0x00, 0xB8, 0x17, 0x00, 0x00, 0xB8, 0x17, 0x00, 0x00, 0xB8, 0x17, 0x00, 0x00,
    0xB8, 0x17, 0x00, 0x00, 0xB8, 0x17, 0x00, 0x00, 0xB8, 0x17, 0x00, 0x00, 0xB8, 0x17, 0x00, 0x00,
    0xB8, 0x17, 0x00, 0x00, 0xB8, 0x17, 0x00, 0x00, 0xB8, 0x17, 0x00, 0x00, 0xB8, 0x17, 0x00, 0x00,
    0xC0, 0x17, 0x00, 0x00, 0xC0, 0x17, 0x00, 0x00, 0xC0, 0x17, 0x00, 0x00, 0xC0, 0x17, 0x00, 0x00,
    0xC0, 0x17, 0x00, 0x00, 0xC0, 0x17, 0x00, 0x00, 0xC0, 0x17, 0x00, 0x00, 0xC0, 0x17, 0x00, 0x00,
    0xC0, 0x17, 0x00, 0x00, 0xC0, 0x17, 0x00, 0x00, 0xC0, 0x17, 0x00, 0x00, 0xC0, 0x17, 0x00, 0x00,
    0xC0, 0x17, 0x00, 0x00, 0xC0, 0x17, 0x00, 0x00, 0xC0, 0x17, 0x00, 0x00, 0xC0, 0x17, 0x00, 0x00,
    0xC0, 0x17, 0x00, 0x00, 0xC0, 0x17, 0x00, 0x00, 0xC0, 0x17, 0x00, 0x00, 0xC0, 0x17, 0x00, 0x00,
    0xC0, 0x17, 0x00, 0x00, 0xC0, 0x17, 0x00, 0x00, 0xC0, 0x17, 0x00, 0x00, 0xC0, 0x17, 0x00, 0x00,
    0xC0, 0x17, 0x00, 0x00, 0xC0, 0x17, 0x00, 0x00, 0xC0, 0x17, 0x00, 0x00, 0xC0, 0x17, 0x00, 0x00,
    0xC0, 0x17, 0x00, 0x00, 0xC8, 0x17, 0x00, 0x00, 0xC8, 0x17, 0x00, 0x00, 0xC8, 0x17, 0x00, 0x00,
    0xC8, 0x17, 0x00, 0x00, 0xC8, 0x17, 0x00, 0x00, 0xC8, 0x17, 0x00, 0x00, 0xC8, 0x17, 0x00, 0x00,
    0xC8, 0x17, 0x00, 0x00, 0xC8, 0x17, 0x00, 0x00, 0xC8, 0x17, 0x00, 0x00, 0xC8, 0x17, 0x00, 0x00,
    0xC8, 0x17, 0x00, 0x00, 0xC8, 0x17, 0x00, 0x00, 0xD0, 0x17, 0x00, 0x00, 0xD8, 0x17, 0x00, 0x00,
    0xD8, 0x17, 0x00, 0x00, 0xD8, 0x17, 0x00, 0x00, 0xD8, 0x17, 0x00, 0x00, 0xD8, 0x17, 0x00, 0x00,
    0xD8, 0x17, 0x00, 0x00, 0xD8, 0x17, 0x00, 0x00, 0xD8, 0x17, 0x00, 0x00, 0xD8, 0x17, 0x00, 0x00,
    0xD8, 0x17, 0x00, 0x00, 0xE0, 0x17, 0x00, 0x00, 0xE8, 0x17, 0x00, 0x00, 0xE8, 0x17, 0x00, 0x00,
    0xE8, 0x17, 0x00, 0x00, 0xE8, 0x17, 0x00, 0x00, 0xF0, 0x17, 0x00, 0x00, 0xF0, 0x17, 0x00, 0x00,
    0xF0, 0x17, 0x00, 0x00, 0xF0, 0x17, 0x00, 0x00, 0xF0, 0x17, 0x00, 0x00, 0xF0, 0x17, 0x00, 0x00,
    0xF0, 0x17, 0x00, 0x00, 0xF0, 0x17, 0x00, 0x00, 0xF8, 0x17, 0x00, 0x00, 0xF8, 0x17, 0x00, 0x00,
    0xF8, 0x17, 0x00, 0x00, 0xF8, 0x17, 0x00, 0x00, 0x00, 0x00, 0x00, 0x00, 0xF4, 0x17, 0x00, 0x00,
    0xFC, 0x17, 0x00, 0x00, 0x01, 0x00, 0x00, 0x00, 0xFC, 0x17, 0x00, 0x00, 0x04, 0x18, 0x00, 0x00,
    0x08, 0x18, 0x00, 0x00, 0x08, 0x18, 0x00, 0x00, 0x08, 0x18, 0x00, 0x00, 0x08, 0x18, 0x00, 0x00,
    0x08, 0x18, 0x00, 0x00, 0x08, 0x18, 0x00, 0x00, 0x08, 0x18, 0x00, 0x00, 0x08, 0x18, 0x00, 0x00,
    0x08, 0x18, 0x00, 0x00, 0x08, 0x18, 0x00, 0x00, 0x0C, 0x18, 0x00, 0x00, 0x14, 0x18, 0x00, 0x00,
    0x14, 0x18, 0x00, 0x00, 0x14, 0x18, 0x00, 0x00, 0x14, 0x18, 0x00, 0x00, 0x18, 0x18, 0x00, 0x00,
    0x20, 0x18, 0x00, 0x00, 0x20, 0x18, 0x00, 0x00, 0x20, 0x18, 0x00, 0x00, 0x20, 0x18, 0x00, 0x00,
    0x28, 0x18, 0x00, 0x00, 0x28, 0x18, 0x00, 0x00, 0x28, 0x18, 0x00, 0x00, 0x28, 0x18, 0x00, 0x00,
    0x28, 0x18, 0x00, 0x00, 0x28, 0x18, 0x00, 0x00, 0x28, 0x18, 0x00, 0x00, 0x2C, 0x18, 0x00, 0x00,
    0x2C, 0x18, 0x00, 0x00, 0x2C, 0x18, 0x00, 0x00, 0x2C, 0x18, 0x00, 0x00, 0x2C, 0x18, 0x00, 0x00,
    0x2C, 0x18, 0x00, 0x00, 0x2C, 0x18, 0x00, 0x00, 0x2C, 0x18, 0x00, 0x00, 0x2C, 0x18, 0x00, 0x00,
    0x2C, 0x18, 0x00, 0x00, 0x2C, 0x18, 0x00, 0x00, 0x2C, 0x18, 0x00, 0x00, 0x2C, 0x18, 0x00, 0x00,
    0x2C, 0x18, 0x00, 0x00, 0x2C, 0x18, 0x00, 0x00, 0x2C, 0x18, 0x00, 0x00, 0x2C, 0x18, 0x00, 0x00,
    0x2C, 0x18, 0x00, 0x00, 0x2C, 0x18, 0x00, 0x00, 0x2C, 0x18, 0x00, 0x00, 0x2C, 0x18, 0x00, 0x00,
    0x2C, 0x18, 0x00, 0x00, 0x2C, 0x18, 0x00, 0x00, 0x2C, 0x18, 0x00, 0x00, 0x2C, 0x18, 0x00, 0x00,
    0x2C, 0x18, 0x00, 0x00, 0x2C, 0x18, 0x00, 0x00, 0x2C, 0x18, 0x00, 0x00, 0x2C, 0x18, 0x00, 0x00,
    0x2C, 0x18, 0x00, 0x00, 0x2C, 0x18, 0x00, 0x00, 0x2C, 0x18, 0x00, 0x00, 0x2C, 0x18, 0x00, 0x00,
    0x2C, 0x18, 0x00, 0x00, 0x2C, 0x18, 0x00, 0x00, 0x2C, 0x18, 0x00, 0x00, 0x2C, 0x18, 0x00, 0x00,
    0x2C, 0x18, 0x00, 0x00, 0x2C, 0x18, 0x00, 0x00, 0x2C, 0x18, 0x00, 0x00, 0x2C, 0x18, 0x00, 0x00,
    0x2C, 0x18, 0x00, 0x00, 0x2C, 0x18, 0x00, 0x00, 0x2C, 0x18, 0x00, 0x00, 0x2C, 0x18, 0x00, 0x00,
    0x2C, 0x18, 0x00, 0x00, 0x2C, 0x18, 0x00, 0x00, 0x2C, 0x18, 0x00, 0x00, 0x2C, 0x18, 0x00, 0x00,
    0x2C, 0x18, 0x00, 0x00, 0x2C, 0x18, 0x00, 0x00, 0x2C, 0x18, 0x00, 0x00, 0x2C, 0x18, 0x00, 0x00,
    0x2C, 0x18, 0x00, 0x00, 0x2C, 0x18, 0x00, 0x00, 0x2C, 0x18, 0x00, 0x00, 0x2C, 0x18, 0x00, 0x00,
    0x2C, 0x18, 0x00, 0x00, 0x2C, 0x18, 0x00, 0x00, 0x2C, 0x18, 0x00, 0x00, 0x2C, 0x18, 0x00, 0x00,
    0x2C, 0x18, 0x00, 0x00, 0x2C, 0x18, 0x00, 0x00, 0x2C, 0x18, 0x00, 0x00, 0x2C, 0x18, 0x00, 0x00,
    0x2C, 0x18, 0x00, 0x00, 0x2C, 0x18, 0x00, 0x00, 0x2C, 0x18, 0x00, 0x00, 0x2C, 0x18, 0x00, 0x00,
    0x2C, 0x18, 0x00, 0x00, 0x2C, 0x18, 0x00, 0x00, 0x2C, 0x18, 0x00, 0x00, 0x2C, 0x18, 0x00, 0x00,
    0x2C, 0x18, 0x00, 0x00, 0x2C, 0x18, 0x00, 0x00, 0x2C, 0x18, 0x00, 0x00, 0x2C, 0x18, 0x00, 0x00,
    0x2C, 0x18, 0x00, 0x00, 0x2C, 0x18, 0x00, 0x00, 0x2C, 0x18, 0x00, 0x00, 0x2C, 0x18, 0x00, 0x00,
    0x2C, 0x18, 0x00, 0x00, 0x2C, 0x18, 0x00, 0x00, 0x00, 0x00, 0x00, 0x00, 0x28, 0x18, 0x00, 0x00,
    0x30, 0x18, 0x00, 0x00, 0x01, 0x00, 0x00, 0x00, 0x30, 0x18, 0x00, 0x00, 0x30, 0x18, 0x00, 0x00,
    0x38, 0x18, 0x00, 0x00, 0x40, 0x18, 0x00, 0x00, 0x04, 0x00, 0x00, 0x00, 0x44, 0x18, 0x00, 0x00,
    0x03, 0x00, 0x00, 0x00, 0x48, 0x18, 0x00, 0x00, 0x02, 0x00, 0x00, 0x00, 0x4C, 0x18, 0x00, 0x00,
    0x06, 0x00, 0x00, 0x00, 0x50, 0x18, 0x00, 0x00, 0x58, 0x18, 0x00, 0x00, 0x05, 0x00, 0x00, 0x00,
    0x58, 0x18, 0x00, 0x00, 0x60, 0x18, 0x00, 0x00, 0x64, 0x18, 0x00, 0x00, 0x64, 0x18, 0x00, 0x00,
    0x64, 0x18, 0x00, 0x00, 0x64, 0x18, 0x00, 0x00, 0x64, 0x18, 0x00, 0x00, 0x64, 0x18, 0x00, 0x00,
    0x64, 0x18, 0x00, 0x00, 0x64, 0x18, 0x00, 0x00, 0x64, 0x18, 0x00, 0x00, 0x64, 0x18, 0x00, 0x00,
    0x68, 0x18, 0x00, 0x00, 0x70, 0x18, 0x00, 0x00, 0x70, 0x18, 0x00, 0x00, 0x70, 0x18, 0x00, 0x00,
    0x70, 0x18, 0x00, 0x00, 0x74, 0x18, 0x00, 0x00, 0x7C, 0x18, 0x00, 0x00, 0x7C, 0x18, 0x00, 0x00,
    0x7C, 0x18, 0x00, 0x00, 0x7C, 0x18, 0x00, 0x00, 0x7C, 0x18, 0x00, 0x00, 0x7C, 0x18, 0x00, 0x00,
    0x7C, 0x18, 0x00, 0x00, 0x7C, 0x18, 0x00, 0x00, 0x7C, 0x18, 0x00, 0x00, 0x7C, 0x18, 0x00, 0x00,
    0x7C, 0x18, 0x00, 0x00, 0x7C, 0x18, 0x00, 0x00, 0x7C, 0x18, 0x00, 0x00, 0x7C, 0x18, 0x00, 0x00,
    0x7C, 0x18, 0x00, 0x00, 0x7C, 0x18, 0x00, 0x00, 0x7C, 0x18, 0x00, 0x00, 0x7C, 0x18, 0x00, 0x00,
    0x7C, 0x18, 0x00, 0x00, 0x7C, 0x18, 0x00, 0x00, 0x7C, 0x18, 0x00, 0x00, 0x7C, 0x18, 0x00, 0x00,
    0x7C, 0x18, 0x00, 0x00, 0x7C, 0x18, 0x00, 0x00, 0x7C, 0x18, 0x00, 0x00, 0x7C, 0x18, 0x00, 0x00,
    0x7C, 0x18, 0x00, 0x00, 0x7C, 0x18, 0x00, 0x00, 0x7C, 0x18, 0x00, 0x00, 0x7C, 0x18, 0x00, 0x00,
    0x7C, 0x18, 0x00, 0x00, 0x7C, 0x18, 0x00, 0x00, 0x7C, 0x18, 0x00, 0x00, 0x7C, 0x18, 0x00, 0x00,
    0x7C, 0x18, 0x00, 0x00, 0x7C, 0x18, 0x00, 0x00, 0x7C, 0x18, 0x00, 0x00, 0x7C, 0x18, 0x00, 0x00,
    0x7C, 0x18, 0x00, 0x00, 0x7C, 0x18, 0x00, 0x00, 0x7C, 0x18, 0x00, 0x00, 0x7C, 0x18, 0x00, 0x00,
    0x7C, 0x18, 0x00, 0x00, 0x7C, 0x18, 0x00, 0x00, 0x7C, 0x18, 0x00, 0x00, 0x7C, 0x18, 0x00, 0x00,
    0x7C, 0x18, 0x00, 0x00, 0x7C, 0x18, 0x00, 0x00, 0x7C, 0x18, 0x00, 0x00, 0x7C, 0x18, 0x00, 0x00,
    0x7C, 0x18, 0x00, 0x00, 0x7C, 0x18, 0x00, 0x00, 0x7C, 0x18, 0x00, 0x00, 0x7C, 0x18, 0x00, 0x00,
    0x7C, 0x18, 0x00, 0x00, 0x7C, 0x18, 0x00, 0x00, 0x7C, 0x18, 0x00, 0x00, 0x7C, 0x18, 0x00, 0x00,
    0x7C, 0x18, 0x00, 0x00, 0x7C, 0x18, 0x00, 0x00, 0x7C, 0x18, 0x00, 0x00, 0x7C, 0x18, 0x00, 0x00,
    0x7C, 0x18, 0x00, 0x00, 0x7C, 0x18, 0x00, 0x00, 0x7C, 0x18, 0x00, 0x00, 0x7C, 0x18, 0x00, 0x00,
    0x7C, 0x18, 0x00, 0x00, 0x7C, 0x18, 0x00, 0x00, 0x7C, 0x18, 0x00, 0x00, 0x7C, 0x18, 0x00, 0x00,
    0x7C, 0x18, 0x00, 0x00, 0x7C, 0x18, 0x00, 0x00, 0x7C, 0x18, 0x00, 0x00, 0x7C, 0x18, 0x00, 0x00,
    0x7C, 0x18, 0x00, 0x00, 0x7C, 0x18, 0x00, 0x00, 0x7C, 0x18, 0x00, 0x00, 0x7C, 0x18, 0x00, 0x00,
    0x7C, 0x18, 0x00, 0x00, 0x7C, 0x18, 0x00, 0x00, 0x7C, 0x18, 0x00, 0x00, 0x7C, 0x18, 0x00, 0x00,
    0x7C, 0x18, 0x00, 0x00, 0x00, 0x00, 0x00, 0x00, 0x78, 0x18, 0x00, 0x00, 0x80, 0x18, 0x00, 0x00,
    0x01, 0x00, 0x00, 0x00, 0x80, 0x18, 0x00, 0x00, 0x80, 0x18, 0x00, 0x00, 0x88, 0x18, 0x00, 0x00,
    0x90, 0x18, 0x00, 0x00, 0x02, 0x00, 0x00, 0x00, 0x94, 0x18, 0x00, 0x00, 0x03, 0x00, 0x00, 0x00,
    0x98, 0x18, 0x00, 0x00, 0xA0, 0x18, 0x00, 0x00, 0xA0, 0x18, 0x00, 0x00, 0xA0, 0x18, 0x00, 0x00,
    0xA0, 0x18, 0x00, 0x00, 0xA8, 0x18, 0x00, 0x00, 0xA8, 0x18, 0x00, 0x00, 0xA8, 0x18, 0x00, 0x00,
    0xA8, 0x18, 0x00, 0x00, 0xB4, 0x18, 0x00, 0x00, 0xBC, 0x18, 0x00, 0x00, 0xBC, 0x18, 0x00, 0x00,
    0xBC, 0x18, 0x00, 0x00, 0xBC, 0x18, 0x00, 0x00, 0xC4, 0x18, 0x00, 0x00, 0xC4, 0x18, 0x00, 0x00,
    0xC4, 0x18, 0x00, 0x00, 0xC4, 0x18, 0x00, 0x00, 0xCC, 0x18, 0x00, 0x00, 0xCC, 0x18, 0x00, 0x00,
    0xCC, 0x18, 0x00, 0x00, 0xCC, 0x18, 0x00, 0x00, 0xD8, 0x18, 0x00, 0x00, 0xE0, 0x18, 0x00, 0x00,
    0xE0, 0x18, 0x00, 0x00, 0xE0, 0x18, 0x00, 0x00, 0xE0, 0x18, 0x00, 0x00, 0xE0, 0x18, 0x00, 0x00,
    0xE0, 0x18, 0x00, 0x00, 0xE0, 0x18, 0x00, 0x00, 0xE0, 0x18, 0x00, 0x00, 0x01, 0x00, 0x00, 0x00,
    0xDC, 0x18, 0x00, 0x00, 0xE4, 0x18, 0x00, 0x00, 0x00, 0x00, 0x00, 0x00, 0xE8, 0x18, 0x00, 0x00,
    0xF0, 0x18, 0x00, 0x00, 0xF4, 0x18, 0x00, 0x00, 0xF4, 0x18, 0x00, 0x00, 0xF4, 0x18, 0x00, 0x00,
    0xF4, 0x18, 0x00, 0x00, 0xF4, 0x18, 0x00, 0x00, 0xF4, 0x18, 0x00, 0x00, 0xF4, 0x18, 0x00, 0x00,
    0xF4, 0x18, 0x00, 0x00, 0xF4, 0x18, 0x00, 0x00, 0xF4, 0x18, 0x00, 0x00, 0xF4, 0x18, 0x00, 0x00,
    0xF4, 0x18, 0x00, 0x00, 0xF4, 0x18, 0x00, 0x00, 0xF4, 0x18, 0x00, 0x00, 0xF4, 0x18, 0x00, 0x00,
    0xF4, 0x18, 0x00, 0x00, 0xF4, 0x18, 0x00, 0x00, 0xF4, 0x18, 0x00, 0x00, 0xF4, 0x18, 0x00, 0x00,
    0xF4, 0x18, 0x00, 0x00, 0xF4, 0x18, 0x00, 0x00, 0xF4, 0x18, 0x00, 0x00, 0xF4, 0x18, 0x00, 0x00,
    0xF4, 0x18, 0x00, 0x00, 0xF4, 0x18, 0x00, 0x00, 0xF4, 0x18, 0x00, 0x00, 0xF4, 0x18, 0x00, 0x00,
    0xF4, 0x18, 0x00, 0x00, 0xF4, 0x18, 0x00, 0x00, 0xF4, 0x18, 0x00, 0x00, 0xF4, 0x18, 0x00, 0x00,
    0xF4, 0x18, 0x00, 0x00, 0xF4, 0x18, 0x00, 0x00, 0xF4, 0x18, 0x00, 0x00, 0xF4, 0x18, 0x00, 0x00,
    0xF4, 0x18, 0x00, 0x00, 0xF4, 0x18, 0x00, 0x00, 0xF4, 0x18, 0x00, 0x00, 0xF4, 0x18, 0x00, 0x00,
    0xF4, 0x18, 0x00, 0x00, 0xF4, 0x18, 0x00, 0x00, 0xF4, 0x18, 0x00, 0x00, 0xF4, 0x18, 0x00, 0x00,
    0xF8, 0x18, 0x00, 0x00, 0x00, 0x00, 0x00, 0x00, 0xFC, 0x18, 0x00, 0x00, 0xFC, 0x18, 0x00, 0x00,
    0xFC, 0x18, 0x00, 0x00, 0x04, 0x19, 0x00, 0x00, 0x04, 0x19, 0x00, 0x00, 0x04, 0x19, 0x00, 0x00,
    0x04, 0x19, 0x00, 0x00, 0x04, 0x19, 0x00, 0x00, 0x04, 0x19, 0x00, 0x00, 0x04, 0x19, 0x00, 0x00,
    0x04, 0x19, 0x00, 0x00, 0x04, 0x19, 0x00, 0x00, 0x04, 0x19, 0x00, 0x00, 0x04, 0x19, 0x00, 0x00,
    0x04, 0x19, 0x00, 0x00, 0x04, 0x19, 0x00, 0x00, 0x04, 0x19, 0x00, 0x00, 0x04, 0x19, 0x00, 0x00,
    0x04, 0x19, 0x00, 0x00, 0x08, 0x19, 0x00, 0x00, 0x00, 0x00, 0x00, 0x00, 0x0C, 0x19, 0x00, 0x00,
    0x0C, 0x19, 0x00, 0x00, 0x14, 0x19, 0x00, 0x00, 0x14, 0x19, 0x00, 0x00, 0x14, 0x19, 0x00, 0x00,
    0x14, 0x19, 0x00, 0x00, 0x14, 0x19, 0x00, 0x00, 0x14, 0x19, 0x00, 0x00, 0x14, 0x19, 0x00, 0x00,
    0x14, 0x19, 0x00, 0x00, 0x14, 0x19, 0x00, 0x00, 0x14, 0x19, 0x00, 0x00, 0x14, 0x19, 0x00, 0x00,
    0x14, 0x19, 0x00, 0x00, 0x14, 0x19, 0x00, 0x00, 0x14, 0x19, 0x00, 0x00, 0x14, 0x19, 0x00, 0x00,
    0x14, 0x19, 0x00, 0x00, 0x14, 0x19, 0x00, 0x00, 0x14, 0x19, 0x00, 0x00, 0x14, 0x19, 0x00, 0x00,
    0x14, 0x19, 0x00, 0x00, 0x14, 0x19, 0x00, 0x00, 0x14, 0x19, 0x00, 0x00, 0x14, 0x19, 0x00, 0x00,
    0x14, 0x19, 0x00, 0x00, 0x14, 0x19, 0x00, 0x00, 0x14, 0x19, 0x00, 0x00, 0x14, 0x19, 0x00, 0x00,
    0x14, 0x19, 0x00, 0x00, 0x14, 0x19, 0x00, 0x00, 0x14, 0x19, 0x00, 0x00, 0x00, 0x00, 0x00, 0x00,
    0x10, 0x19, 0x00, 0x00, 0x10, 0x19, 0x00, 0x00, 0x10, 0x19, 0x00, 0x00, 0x10, 0x19, 0x00, 0x00,
    0x10, 0x19, 0x00, 0x00, 0x10, 0x19, 0x00, 0x00, 0x10, 0x19, 0x00, 0x00, 0x10, 0x19, 0x00, 0x00,
    0x10, 0x19, 0x00, 0x00, 0x10, 0x19, 0x00, 0x00, 0x10, 0x19, 0x00, 0x00, 0x18, 0x19, 0x00, 0x00,
    0x00, 0x00, 0x00, 0x00, 0x00, 0x00, 0x00, 0x00, 0x00, 0x00, 0x00, 0x00, 0x00, 0x00, 0x00, 0x00,
    0x00, 0x00, 0x00, 0x00, 0x00, 0x00, 0x00, 0x00, 0x00, 0x00, 0x00, 0x00, 0x00, 0x00, 0x00, 0x00,
    0x00, 0x00, 0x00, 0x00, 0x00, 0x00, 0x00, 0x00, 0x00, 0x00, 0x00, 0x00, 0x00, 0x00, 0x00, 0x00,
    0x00, 0x00, 0x00, 0x00, 0x00, 0x00, 0x00, 0x00, 0x00, 0x00, 0x00, 0x00, 0x00, 0x00, 0x00, 0x00,
    0x00, 0x00, 0x00, 0x00, 0x00, 0x00, 0x00, 0x00, 0x00, 0x00, 0x00, 0x00, 0x00, 0x00, 0x00, 0x00,
    0x00, 0x00, 0x00, 0x00, 0x00, 0x00, 0x00, 0x00, 0x00, 0x00, 0x00, 0x00, 0x00, 0x00, 0x00, 0x00,
    0x00, 0x00, 0x00, 0x00, 0x00, 0x00, 0x00, 0x00, 0x00, 0x00, 0x00, 0x00, 0x00, 0x00, 0x00, 0x00,
    0x00, 0x00, 0x00, 0x00, 0x00, 0x00, 0x00, 0x00, 0x00, 0x00, 0x00, 0x00, 0x00, 0x00, 0x00, 0x00,
    0x00, 0x00, 0x00, 0x00, 0x00, 0x00, 0x00, 0x00, 0x00, 0x00, 0x00, 0x00, 0x00, 0x00, 0x00, 0x00,
    0x00, 0x00, 0x00, 0x00, 0x00, 0x00, 0x00, 0x00, 0x00, 0x00, 0x00, 0x00, 0x00, 0x00, 0x00, 0x00,
    0x00, 0x00, 0x00, 0x00, 0x00, 0x00, 0x00, 0x00, 0x00, 0x00, 0x00, 0x00, 0x00, 0x00, 0x00, 0x00,
    0x00, 0x00, 0x00, 0x00, 0x00, 0x00, 0x00, 0x00, 0x00, 0x00, 0x00, 0x00, 0x00, 0x00, 0x00, 0x00,
    0x00, 0x00, 0x00, 0x00, 0x00, 0x00, 0x00, 0x00, 0x00, 0x00, 0x00, 0x00, 0x00, 0x00, 0x00, 0x00,
    0x00, 0x00, 0x00, 0x00, 0x00, 0x00, 0x00, 0x00, 0x00, 0x00, 0x00, 0x00, 0x00, 0x00, 0x00, 0x00,
    0x00, 0x00, 0x00, 0x00, 0x00, 0x00, 0x00, 0x00, 0x00, 0x00, 0x00, 0x00, 0x00, 0x00, 0x00, 0x00,
    0x00, 0x00, 0x00, 0x00, 0x00, 0x00, 0x00, 0x00, 0x00, 0x00, 0x00, 0x00, 0x00, 0x00, 0x00, 0x00,
    0x00, 0x00, 0x00, 0x00, 0x00, 0x00, 0x00, 0x00, 0x00, 0x00, 0x00, 0x00, 0x00, 0x00, 0x00, 0x00,
    0x00, 0x00, 0x00, 0x00, 0x00, 0x00, 0x00, 0x00, 0x00, 0x00, 0x00, 0x00, 0x00, 0x00, 0x00, 0x00,
    0x00, 0x00, 0x00, 0x00, 0x00, 0x00, 0x00, 0x00, 0x00, 0x00, 0x00, 0x00, 0x00, 0x00, 0x00, 0x00,
    0x00, 0x00, 0x00, 0x00, 0x00, 0x00, 0x00, 0x00, 0x00, 0x00, 0x00, 0x00, 0x00, 0x00, 0x00, 0x00,
    0x00, 0x00, 0x00, 0x00, 0x00, 0x00, 0x00, 0x00, 0x00, 0x00, 0x00, 0x00, 0x00, 0x00, 0x00, 0x00,
    0x00, 0x00, 0x00, 0x00, 0x00, 0x00, 0x00, 0x00, 0x00, 0x00, 0x00, 0x00, 0x00, 0x00, 0x00, 0x00,
    0x00, 0x00, 0x00, 0x00, 0x00, 0xE0, 0x00, 0x00, 0x00, 0xE0, 0x00, 0x00, 0x00, 0xE0, 0x00, 0x00,
    0x00, 0xE0, 0x00, 0x00, 0x00, 0xE0, 0x00, 0x00, 0x00, 0xE0, 0x00, 0x00, 0x00, 0xE0, 0x00, 0x00,
    0x00, 0xE0, 0x00, 0x00, 0x00, 0xE0, 0x00, 0x00, 0x00, 0xE0, 0x00, 0x00, 0x00, 0xE0, 0x00, 0x00,
    0x00, 0xE0, 0x00, 0x00, 0x00, 0xE0, 0x00, 0x00, 0x00, 0xE0, 0x00, 0x00, 0x00, 0xE0, 0x00, 0x00,
    0x00, 0xE0, 0x00, 0x00, 0x00, 0xE0, 0x00, 0x00, 0x00, 0xE0, 0x00, 0x00, 0x00, 0xE0, 0x00, 0x00,
    0x00, 0xE0, 0x00, 0x00, 0x00, 0xE0, 0x00, 0x00, 0x00, 0xE0, 0x00, 0x00, 0x00, 0xE0, 0x00, 0x00,
    0x00, 0xE0, 0x00, 0x00, 0x00, 0xE0, 0x00, 0x00, 0x00, 0xE0, 0x00, 0x00, 0x02, 0x00, 0x00, 0xE0,
    0x03, 0x00, 0x00, 0xE0, 0x03, 0x00, 0x00, 0xE0, 0x00, 0xE0, 0x00, 0x00, 0x00, 0xE0, 0x00, 0x00,
    0x00, 0xE0, 0x00, 0x00, 0x00, 0xE0, 0x00, 0x00, 0x00, 0xE0, 0x00, 0x00, 0x00, 0xE0, 0x00, 0x00,
    0x00, 0xE0, 0x00, 0x00, 0x04, 0x00, 0x00, 0xE0, 0x05, 0x00, 0x00, 0xE0, 0x05, 0x00, 0x00, 0xE0,
    0x00, 0xE0, 0x00, 0x00, 0x00, 0xE0, 0x00, 0x00, 0x00, 0xE0, 0x00, 0x00, 0x00, 0xE0, 0x00, 0x00,
    0x00, 0xE0, 0x00, 0x00, 0x00, 0xE0, 0x00, 0x00, 0x00, 0xE0, 0x00, 0x00, 0x06, 0x00, 0x00, 0xE0,
    0x07, 0x00, 0x00, 0xE0, 0x08, 0x00, 0x00, 0xE0, 0x00, 0xE0, 0x00, 0x00, 0x00, 0xE0, 0x00, 0x00,
    0x00, 0xE0, 0x00, 0x00, 0x00, 0xE0, 0x00, 0x00, 0x00, 0xE0, 0x00, 0x00, 0x00, 0xE0, 0x00, 0x00,
    0x00, 0xE0, 0x00, 0x00, 0x09, 0x00, 0x00, 0xE0, 0x0A, 0x00, 0x00, 0xE0, 0x07, 0x00, 0x00, 0xE0,
    0x00, 0xE0, 0x00, 0x00, 0x00, 0xE0, 0x00, 0x00, 0x00, 0xE0, 0x00, 0x00, 0x00, 0xE0, 0x00, 0x00,
    0x00, 0xE0, 0x00, 0x00, 0x00, 0xE0, 0x00, 0x00, 0x00, 0xE0, 0x00, 0x00, 0x00, 0xE0, 0x00, 0x00,
    0x00, 0xE0, 0x00, 0x00, 0x00, 0xE0, 0x00, 0x00, 0x00, 0xE0, 0x00, 0x00, 0x00, 0xE0, 0x00, 0x00,
    0x00, 0xE0, 0x00, 0x00, 0x00, 0xE0, 0x00, 0x00, 0x00, 0xE0, 0x00, 0x00, 0x00, 0xE0, 0x00, 0x00,
    0x00, 0xE0, 0x00, 0x00, 0x00, 0xE0, 0x00, 0x00, 0x00, 0xE0, 0x00, 0x00, 0x00, 0xE0, 0x00, 0x00,
    0x00, 0xE0, 0x00, 0x00, 0x00, 0xE0, 0x00, 0x00, 0x00, 0xE0, 0x00, 0x00, 0x00, 0xE0, 0x00, 0x00,
    0x00, 0xE0, 0x00, 0x00, 0x00, 0xE0, 0x00, 0x00, 0x00, 0xE0, 0x00, 0x00, 0x00, 0xE0, 0x00, 0x00,
    0x00, 0xE0, 0x00, 0x00, 0x00, 0xE0, 0x00, 0x00, 0x00, 0xE0, 0x00, 0x00, 0x00, 0xE0, 0x00, 0x00,
    0x00, 0xE0, 0x00, 0x00, 0x00, 0xE0, 0x00, 0x00, 0x00, 0xE0, 0x00, 0x00, 0x00, 0xE0, 0x00, 0x00,
    0x00, 0xE0, 0x00, 0x00, 0x00, 0xE0, 0x00, 0x00, 0x00, 0xE0, 0x00, 0x00, 0x00, 0xE0, 0x00, 0x00,
    0x00, 0xE0, 0x00, 0x00, 0x00, 0xE0, 0x00, 0x00, 0x00, 0xE0, 0x00, 0x00, 0x00, 0xE0, 0x00, 0x00,
    0x00, 0xE0, 0x00, 0x00, 0x00, 0xE0, 0x00, 0x00, 0x00, 0xE0, 0x00, 0x00, 0x00, 0xE0, 0x00, 0x00,
    0x00, 0xE0, 0x00, 0x00, 0x00, 0xE0, 0x00, 0x00, 0x00, 0xE0, 0x00, 0x00, 0x00, 0xE0, 0x00, 0x00,
    0x00, 0xE0, 0x00, 0x00, 0x00, 0xE0, 0x00, 0x00, 0x00, 0xE0, 0x00, 0x00, 0x00, 0xE0, 0x00, 0x00,
    0x00, 0x40, 0x00, 0xE0, 0x00, 0xE0, 0x00, 0x00, 0x00, 0xE0, 0x00, 0x00, 0x00, 0xE0, 0x00, 0x00,
    0x00, 0xE0, 0x00, 0x00, 0x00, 0xE0, 0x00, 0x00, 0x00, 0xE0, 0x00, 0x00, 0x28, 0x60, 0x00, 0xF0,
    0x02, 0x00, 0x00, 0x00, 0x00, 0xE0, 0x00, 0x00, 0x00, 0xE0, 0x00, 0x00, 0x00, 0xE0, 0x00, 0x00,
    0x01, 0x00, 0x00, 0x00, 0xB8, 0x15, 0x00, 0x00, 0x00, 0x00, 0x00, 0x00, 0x01, 0x00, 0x00, 0x00,
    0xB0, 0x15, 0x00, 0x00, 0x00, 0x00, 0x00, 0x00, 0x00, 0x00, 0x00, 0x00, 0x00, 0x00, 0x00, 0x00,
    0x01, 0x00, 0x00, 0x00, 0x01, 0x00, 0x00, 0x00, 0x03, 0x00, 0x00, 0x00, 0x98, 0x15, 0x00, 0x00,
    0x27, 0x60, 0x00, 0xE0, 0x00, 0x40, 0x00, 0xE0, 0x00, 0x00, 0x00, 0x00, 0x00, 0x00, 0x00, 0x00,
    0x01, 0x00, 0x00, 0x00, 0x00, 0xE0, 0x00, 0x00, 0x00, 0xE0, 0x00, 0x00, 0x00, 0xE0, 0x00, 0x00,
    0x00, 0xE0, 0x00, 0x00, 0x00, 0xE0, 0x00, 0x00, 0x00, 0xE0, 0x00, 0x00, 0x00, 0xE0, 0x00, 0x00,
    0x00, 0xE0, 0x00, 0x00, 0x00, 0xE0, 0x00, 0x00, 0x00, 0xE0, 0x00, 0x00, 0x00, 0xE0, 0x00, 0x00,
    0x00, 0xE0, 0x00, 0x00, 0x2F, 0x60, 0x00, 0xE0, 0x00, 0xE0, 0x00, 0x00, 0x00, 0xE0, 0x00, 0x00,
    0x00, 0xE0, 0x00, 0x00, 0x30, 0x60, 0x00, 0xE0, 0x00, 0xE0, 0x00, 0x00, 0x00, 0xE0, 0x00, 0x00,
    0x00, 0xE0, 0x00, 0x00, 0x00, 0xE0, 0x00, 0x00, 0x00, 0xE0, 0x00, 0x00, 0x00, 0xE0, 0x00, 0x00,
    0x00, 0xE0, 0x00, 0x00, 0x0D, 0x00, 0x00, 0xE0, 0x00, 0xE0, 0x00, 0x00, 0x00, 0xE0, 0x00, 0x00,
    0x00, 0xE0, 0x00, 0x00, 0x00, 0xE0, 0x00, 0x00, 0x00, 0xE0, 0x00, 0x00, 0x00, 0xE0, 0x00, 0x00,
    0x00, 0xE0, 0x00, 0x00, 0x00, 0xE0, 0x00, 0x00, 0x00, 0xE0, 0x00, 0x00, 0x00, 0xE0, 0x00, 0x00,
    0x00, 0xE0, 0x00, 0x00, 0x00, 0xE0, 0x00, 0x00, 0x00, 0xE0, 0x00, 0x00, 0x00, 0xE0, 0x00, 0x00,
    0x00, 0xE0, 0x00, 0x00, 0x00, 0xE0, 0x00, 0x00, 0x00, 0xE0, 0x00, 0x00, 0x00, 0xE0, 0x00, 0x00,
    0x00, 0xE0, 0x00, 0x00, 0x00, 0xE0, 0x00, 0x00, 0x00, 0xE0, 0x00, 0x00, 0x00, 0xE0, 0x00, 0x00,
    0x00, 0xE0, 0x00, 0x00, 0x00, 0xE0, 0x00, 0x00, 0x00, 0xE0, 0x00, 0x00, 0x00, 0xE0, 0x00, 0x00,
    0x00, 0xE0, 0x00, 0x00, 0x00, 0xE0, 0x00, 0x00, 0x00, 0xE0, 0x00, 0x00, 0x00, 0xE0, 0x00, 0x00,
    0x00, 0xE0, 0x00, 0x00, 0x00, 0xE0, 0x00, 0x00, 0x00, 0xE0, 0x00, 0x00, 0x00, 0xE0, 0x00, 0x00,
    0x00, 0xE0, 0x00, 0x00, 0x00, 0xE0, 0x00, 0x00, 0x00, 0xE0, 0x00, 0x00, 0x00, 0xE0, 0x00, 0x00,
    0x00, 0xE0, 0x00, 0x00, 0x00, 0xE0, 0x00, 0x00, 0x00, 0x00, 0x00, 0x00, 0x00, 0x00, 0x00, 0x00,
    0x00, 0x00, 0x00, 0x00, 0x00, 0xE0, 0x00, 0x00, 0x00, 0xE0, 0x00, 0x00, 0x00, 0xE0, 0x00, 0x00,
    0x01, 0x00, 0x00, 0x00, 0x6C, 0x14, 0x00, 0x00, 0x00, 0x00, 0x00, 0x00, 0x00, 0x00, 0x00, 0x00,
    0x00, 0x00, 0x00, 0x00, 0x00, 0x00, 0x00, 0x00, 0x00, 0xE0, 0x00, 0x00, 0x00, 0xE0, 0x00, 0x00,
    0x00, 0xE0, 0x00, 0x00, 0x00, 0x40, 0x00, 0xE0, 0x01, 0x40, 0x00, 0xE0, 0x00, 0x00, 0x00, 0x00,
    0x00, 0x00, 0x00, 0x00, 0x01, 0x00, 0x00, 0x00, 0x00, 0x00, 0x00, 0x00, 0x00, 0x00, 0x00, 0x00,
    0x01, 0x00, 0x00, 0x00, 0x1A, 0x00, 0x00, 0x00, 0x02, 0x00, 0x00, 0x00, 0x28, 0x14, 0x00, 0x00,
    0x00, 0x00, 0x00, 0x00, 0x00, 0x00, 0x00, 0x00, 0x01, 0x00, 0x00, 0x00, 0x01, 0x00, 0x00, 0x00,
    0x1C, 0x14, 0x00, 0x00, 0x00, 0x00, 0x00, 0x00, 0x01, 0x00, 0x00, 0x00, 0x14, 0x14, 0x00, 0x00,
    0x00, 0x00, 0x00, 0x00, 0x01, 0x00, 0x00, 0x00, 0x0C, 0x14, 0x00, 0x00, 0x00, 0x00, 0x00, 0x00,
    0x01, 0x00, 0x00, 0x00, 0x04, 0x14, 0x00, 0x00, 0x00, 0x00, 0x00, 0x00, 0x01, 0x00, 0x00, 0x00,
    0xFC, 0x13, 0x00, 0x00, 0x00, 0x14, 0x00, 0x00, 0x02, 0x00, 0x00, 0x00, 0xFC, 0x13, 0x00, 0x00,
    0x00, 0x14, 0x00, 0x00, 0x03, 0x00, 0x00, 0x00, 0xFC, 0x13, 0x00, 0x00, 0x00, 0x14, 0x00, 0x00,
    0x04, 0x00, 0x00, 0x00, 0xFC, 0x13, 0x00, 0x00, 0x00, 0x14, 0x00, 0x00, 0x00, 0x00, 0x00, 0x00,
    0x00, 0x00, 0x00, 0x00, 0x01, 0x00, 0x00, 0x00, 0x1A, 0x00, 0x00, 0x00, 0x02, 0x00, 0x00, 0x00,
    0xEC, 0x13, 0x00, 0x00, 0x00, 0x00, 0x00, 0x00, 0x00, 0x00, 0x00, 0x00, 0x01, 0x00, 0x00, 0x00,
    0x1A, 0x00, 0x00, 0x00, 0x02, 0x00, 0x00, 0x00, 0xDC, 0x13, 0x00, 0x00, 0x00, 0x00, 0x00, 0x00,
    0x00, 0x00, 0x00, 0x00, 0x01, 0x00, 0x00, 0x00, 0x1A, 0x00, 0x00, 0x00, 0x02, 0x00, 0x00, 0x00,
    0xCC, 0x13, 0x00, 0x00, 0x00, 0xE0, 0x00, 0x00, 0x00, 0xE0, 0x00, 0x00, 0x00, 0xE0, 0x00, 0x00,
    0x1E, 0x60, 0x15, 0xC0, 0x00, 0xE0, 0x00, 0x00, 0x13, 0x00, 0x00, 0xE0, 0x00, 0xE0, 0x00, 0x00,
    0x00, 0xE0, 0x00, 0x00, 0x00, 0xE0, 0x00, 0x00, 0x00, 0xE0, 0x00, 0x00, 0x00, 0xE0, 0x00, 0x00,
    0x00, 0xE0, 0x00, 0x00, 0x22, 0x60, 0x15, 0xC0, 0x00, 0xE0, 0x00, 0x00, 0x14, 0x00, 0x00, 0xE0,
    0x00, 0xE0, 0x00, 0x00, 0x00, 0xE0, 0x00, 0x00, 0x00, 0xE0, 0x00, 0x00, 0x00, 0xE0, 0x00, 0x00,
    0x00, 0xE0, 0x00, 0x00, 0x00, 0xE0, 0x00, 0x00, 0x00, 0xE0, 0x00, 0x00, 0x00, 0xE0, 0x00, 0x00,
    0x00, 0xE0, 0x00, 0x00, 0x00, 0xE0, 0x00, 0x00, 0x00, 0xE0, 0x00, 0x00, 0x00, 0xE0, 0x00, 0x00,
    0x00, 0xE0, 0x00, 0x00, 0x00, 0xE0, 0x00, 0x00, 0x00, 0xE0, 0x00, 0x00, 0x00, 0xE0, 0x00, 0x00,
    0x00, 0xE0, 0x00, 0x00, 0x00, 0xE0, 0x00, 0x00, 0x00, 0xE0, 0x00, 0x00, 0x00, 0xE0, 0x00, 0x00,
    0x00, 0xE0, 0x00, 0x00, 0x00, 0xE0, 0x00, 0x00, 0x00, 0xE0, 0x00, 0x00, 0x00, 0xE0, 0x00, 0x00,
    0x13, 0x00, 0x00, 0xE0, 0x00, 0xE0, 0x00, 0x00, 0x00, 0xE0, 0x00, 0x00, 0x00, 0xE0, 0x00, 0x00,
    0x00, 0xE0, 0x00, 0x00, 0x00, 0xE0, 0x00, 0x00, 0x00, 0xE0, 0x00, 0x00, 0x00, 0xE0, 0x00, 0x00,
    0x00, 0xE0, 0x00, 0x00, 0x00, 0xE0, 0x00, 0x00, 0x2C, 0x60, 0x03, 0x00, 0x0A, 0xC0, 0x15, 0xC0,
    0x00, 0xE0, 0x00, 0x00, 0x00, 0xE0, 0x00, 0x00, 0x00, 0xE0, 0x00, 0x00, 0x00, 0xE0, 0x00, 0x00,
    0x00, 0xE0, 0x00, 0x00, 0x00, 0xE0, 0x00, 0x00, 0x00, 0xE0, 0x00, 0x00, 0x00, 0xE0, 0x00, 0x00,
    0x03, 0x00, 0x00, 0xE0, 0x00, 0xE0, 0x00, 0x00, 0x00, 0xE0, 0x00, 0x00, 0x00, 0xE0, 0x00, 0x00,
    0x00, 0xE0, 0x00, 0x00, 0x00, 0xE0, 0x00, 0x00, 0x00, 0xE0, 0x00, 0x00, 0x00, 0xE0, 0x00, 0x00,
    0x03, 0x00, 0x00, 0xE0, 0x00, 0xE0, 0x00, 0x00, 0x00, 0xE0, 0x00, 0x00, 0x00, 0xE0, 0x00, 0x00,
    0x00, 0xE0, 0x00, 0x00, 0x00, 0xE0, 0x00, 0x00, 0x00, 0xE0, 0x00, 0x00, 0x00, 0xE0, 0x00, 0x00,
    0x03, 0x00, 0x00, 0xE0, 0x00, 0xE0, 0x00, 0x00, 0x00, 0xE0, 0x00, 0x00, 0x00, 0xE0, 0x00, 0x00,
    0x00, 0xE0, 0x00, 0x00, 0x00, 0xE0, 0x00, 0x00, 0x00, 0xE0, 0x00, 0x00, 0x00, 0xE0, 0x00, 0x00,
    0x03, 0x00, 0x00, 0xE0, 0x00, 0xE0, 0x00, 0x00, 0x00, 0xE0, 0x00, 0x00, 0x00, 0xE0, 0x00, 0x00,
    0x00, 0xE0, 0x00, 0x00, 0x00, 0xE0, 0x00, 0x00, 0x00, 0xE0, 0x00, 0x00, 0x00, 0xE0, 0x00, 0x00,
    0x03, 0x00, 0x00, 0xE0, 0x00, 0xE0, 0x00, 0x00, 0x00, 0xE0, 0x00, 0x00, 0x00, 0xE0, 0x00, 0x00,
    0x00, 0xE0, 0x00, 0x00, 0x00, 0xE0, 0x00, 0x00, 0x00, 0xE0, 0x00, 0x00, 0x00, 0xE0, 0x00, 0x00,
    0x03, 0x00, 0x00, 0xE0, 0x00, 0xE0, 0x00, 0x00, 0x00, 0xE0, 0x00, 0x00, 0x00, 0xE0, 0x00, 0x00,
    0x00, 0xE0, 0x00, 0x00, 0x00, 0xE0, 0x00, 0x00, 0x00, 0xE0, 0x00, 0x00, 0x00, 0xE0, 0x00, 0x00,
    0x03, 0x00, 0x00, 0xE0, 0x00, 0xE0, 0x00, 0x00, 0x00, 0xE0, 0x00, 0x00, 0x00, 0xE0, 0x00, 0x00,
    0x00, 0xE0, 0x00, 0x00, 0x00, 0xE0, 0x00, 0x00, 0x00, 0xE0, 0x00, 0x00, 0x00, 0xE0, 0x00, 0x00,
    0x03, 0x00, 0x00, 0xE0, 0x00, 0xE0, 0x00, 0x00, 0x00, 0xE0, 0x00, 0x00, 0x00, 0xE0, 0x00, 0x00,
    0x00, 0xE0, 0x00, 0x00, 0x00, 0xE0, 0x00, 0x00, 0x00, 0xE0, 0x00, 0x00, 0x00, 0xE0, 0x00, 0x00,
    0x00, 0xE0, 0x00, 0x00, 0x00, 0xE0, 0x00, 0x00, 0x00, 0xE0, 0x00, 0x00, 0x03, 0x00, 0x00, 0xE0,
    0x00, 0xE0, 0x00, 0x00, 0x00, 0xE0, 0x00, 0x00, 0x00, 0xE0, 0x00, 0x00, 0x00, 0xE0, 0x00, 0x00,
    0x00, 0xE0, 0x00, 0x00, 0x00, 0xE0, 0x00, 0x00, 0x00, 0xE0, 0x00, 0x00, 0x05, 0x00, 0x00, 0xE0,
    0x00, 0xE0, 0x00, 0x00, 0x00, 0xE0, 0x00, 0x00, 0x00, 0xE0, 0x00, 0x00, 0x00, 0xE0, 0x00, 0x00,
    0x00, 0xE0, 0x00, 0x00, 0x00, 0xE0, 0x00, 0x00, 0x00, 0xE0, 0x00, 0x00, 0x00, 0xE0, 0x00, 0x00,
    0x00, 0xE0, 0x00, 0x00, 0x00, 0xE0, 0x00, 0x00, 0x03, 0x00, 0x00, 0xE0, 0x00, 0xE0, 0x00, 0x00,
    0x00, 0xE0, 0x00, 0x00, 0x00, 0xE0, 0x00, 0x00, 0x00, 0xE0, 0x00, 0x00, 0x00, 0xE0, 0x00, 0x00,
    0x00, 0xE0, 0x00, 0x00, 0x00, 0xE0, 0x00, 0x00, 0x05, 0x00, 0x00, 0xE0, 0x00, 0xE0, 0x00, 0x00,
    0x00, 0xE0, 0x00, 0x00, 0x00, 0xE0, 0x00, 0x00, 0x00, 0xE0, 0x00, 0x00, 0x00, 0xE0, 0x00, 0x00,
    0x00, 0xE0, 0x00, 0x00, 0x00, 0xE0, 0x00, 0x00, 0x08, 0x00, 0x00, 0xE0, 0x00, 0xE0, 0x00, 0x00,
    0x00, 0xE0, 0x00, 0x00, 0x00, 0xE0, 0x00, 0x00, 0x00, 0xE0, 0x00, 0x00, 0x00, 0xE0, 0x00, 0x00,
    0x00, 0xE0, 0x00, 0x00, 0x00, 0xE0, 0x00, 0x00, 0x03, 0x00, 0x00, 0xE0, 0x00, 0xE0, 0x00, 0x00,
    0x00, 0xE0, 0x00, 0x00, 0x00, 0xE0, 0x00, 0x00, 0x2C, 0x60, 0x07, 0x00, 0x0A, 0xC0, 0x15, 0xC0,
    0x00, 0xE0, 0x00, 0x00, 0x00, 0xE0, 0x00, 0x00, 0x00, 0xE0, 0x00, 0x00, 0x00, 0xE0, 0x00, 0x00,
    0x00, 0xE0, 0x00, 0x00, 0x00, 0xE0, 0x00, 0x00, 0x00, 0xE0, 0x00, 0x00, 0x00, 0xE0, 0x00, 0x00,
    0x05, 0x00, 0x00, 0xE0, 0x00, 0x00, 0x00, 0x00, 0x00, 0x00, 0x00, 0x00, 0x00, 0x00, 0x00, 0x00,
    0x00, 0xE0, 0x00, 0x00, 0x00, 0xE0, 0x00, 0x00, 0x00, 0xE0, 0x00, 0x00, 0x00, 0xE0, 0x00, 0x00,
    0x00, 0xE0, 0x00, 0x00, 0x00, 0xE0, 0x00, 0x00, 0x00, 0xE0, 0x00, 0x00, 0x08, 0x00, 0x00, 0xE0,
    0x00, 0x00, 0x00, 0x00, 0x00, 0x00, 0x00, 0x00, 0x00, 0x00, 0x00, 0x00, 0x00, 0xE0, 0x00, 0x00,
    0x00, 0xE0, 0x00, 0x00, 0x00, 0xE0, 0x00, 0x00, 0x00, 0xE0, 0x00, 0x00, 0x00, 0xE0, 0x00, 0x00,
    0x00, 0xE0, 0x00, 0x00, 0x00, 0xE0, 0x00, 0x00, 0x07, 0x00, 0x00, 0xE0, 0x00, 0x00, 0x00, 0x00,
    0x00, 0x00, 0x00, 0x00, 0x00, 0x00, 0x00, 0x00, 0x00, 0xE0, 0x00, 0x00, 0x00, 0xE0, 0x00, 0x00,
    0x00, 0xE0, 0x00, 0x00, 0x00, 0xE0, 0x00, 0x00, 0x00, 0xE0, 0x00, 0x00, 0x00, 0xE0, 0x00, 0x00,
    0x00, 0xE0, 0x00, 0x00, 0x0A, 0x00, 0x00, 0xE0, 0x00, 0x00, 0x00, 0x00, 0x00, 0x00, 0x00, 0x00,
    0x00, 0x00, 0x00, 0x00, 0x00, 0xE0, 0x00, 0x00, 0x00, 0xE0, 0x00, 0x00, 0x00, 0xE0, 0x00, 0x00,
    0x00, 0xE0, 0x00, 0x00, 0x00, 0xE0, 0x00, 0x00, 0x00, 0xE0, 0x00, 0x00, 0x00, 0xE0, 0x00, 0x00,
    0x15, 0x00, 0x00, 0xE0, 0x00, 0x00, 0x00, 0x00, 0x00, 0x00, 0x00, 0x00, 0x00, 0x00, 0x00, 0x00,
    0x00, 0xE0, 0x00, 0x00, 0x00, 0xE0, 0x00, 0x00, 0x00, 0xE0, 0x00, 0x00, 0x00, 0xE0, 0x00, 0x00,
    0x00, 0xE0, 0x00, 0x00, 0x00, 0xE0, 0x00, 0x00, 0x00, 0xE0, 0x00, 0x00, 0x16, 0x00, 0x00, 0xE0,
    0x00, 0x00, 0x00, 0x00, 0x00, 0x00, 0x00, 0x00, 0x00, 0x00, 0x00, 0x00, 0x00, 0xE0, 0x00, 0x00,
    0x00, 0xE0, 0x00, 0x00, 0x00, 0xE0, 0x00, 0x00, 0x00, 0xE0, 0x00, 0x00, 0x00, 0xE0, 0x00, 0x00,
    0x00, 0xE0, 0x00, 0x00, 0x00, 0xE0, 0x00, 0x00, 0x17, 0x00, 0x00, 0xE0, 0x00, 0x00, 0x00, 0x00,
    0x00, 0x00, 0x00, 0x00, 0x00, 0x00, 0x00, 0x00, 0x00, 0xE0, 0x00, 0x00, 0x00, 0xE0, 0x00, 0x00,
    0x00, 0xE0, 0x00, 0x00, 0x00, 0xE0, 0x00, 0x00, 0x00, 0xE0, 0x00, 0x00, 0x00, 0xE0, 0x00, 0x00,
    0x00, 0xE0, 0x00, 0x00, 0x18, 0x00, 0x00, 0xE0, 0x00, 0x00, 0x00, 0x00, 0x00, 0x00, 0x00, 0x00,
    0x00, 0x00, 0x00, 0x00, 0x00, 0xE0, 0x00, 0x00, 0x00, 0xE0, 0x00, 0x00, 0x00, 0xE0, 0x00, 0x00,
    0x00, 0xE0, 0x00, 0x00, 0x00, 0xE0, 0x00, 0x00, 0x00, 0xE0, 0x00, 0x00, 0x00, 0xE0, 0x00, 0x00,
    0x0B, 0x00, 0x00, 0xE0, 0x00, 0x00, 0x00, 0x00, 0x00, 0x00, 0x00, 0x00, 0x00, 0x00, 0x00, 0x00,
    0x00, 0xE0, 0x00, 0x00, 0x00, 0xE0, 0x00, 0x00, 0x00, 0xE0, 0x00, 0x00, 0x00, 0xE0, 0x00, 0x00,
    0x00, 0xE0, 0x00, 0x00, 0x00, 0xE0, 0x00, 0x00, 0x06, 0x60, 0x00, 0x40, 0x00, 0xA0, 0x08, 0x00,
    0x00, 0xA0, 0x15, 0xC0, 0x00, 0xE0, 0x00, 0x00, 0x00, 0x00, 0x00, 0x00, 0x00, 0x00, 0x00, 0x00,
    0x00, 0x00, 0x00, 0x00, 0x00, 0xE0, 0x00, 0x00, 0x00, 0xE0, 0x00, 0x00, 0x00, 0xE0, 0x00, 0x00,
    0x00, 0xE0, 0x00, 0x00, 0x00, 0xE0, 0x00, 0x00, 0x00, 0xE0, 0x00, 0x00, 0x19, 0x00, 0x00, 0xE0,
    0x00, 0xE0, 0x00, 0x00, 0x00, 0xE0, 0x00, 0x00, 0x00, 0xE0, 0x00, 0x00, 0x00, 0xE0, 0x00, 0x00,
    0x00, 0xE0, 0x00, 0x00, 0x00, 0xE0, 0x00, 0x00, 0x00, 0xE0, 0x00, 0x00, 0x00, 0xE0, 0x00, 0x00,
    0x00, 0xE0, 0x00, 0x00, 0x00, 0xE0, 0x00, 0x00, 0x00, 0xE0, 0x00, 0x00, 0x00, 0xE0, 0x00, 0x00,
    0x00, 0xE0, 0x00, 0x00, 0x00, 0xE0, 0x00, 0x00, 0x00, 0xE0, 0x00, 0x00, 0x00, 0xE0, 0x00, 0x00,
    0x03, 0x00, 0x00, 0xE0, 0x00, 0xE0, 0x00, 0x00, 0x00, 0xE0, 0x00, 0x00, 0x00, 0xE0, 0x00, 0x00,
    0x2C, 0x60, 0x05, 0x00, 0x0A, 0xC0, 0x15, 0xC0, 0x00, 0xE0, 0x00, 0x00, 0x00, 0xE0, 0x00, 0x00,
    0x00, 0xE0, 0x00, 0x00, 0x00, 0xE0, 0x00, 0x00, 0x00, 0xE0, 0x00, 0x00, 0x00, 0xE0, 0x00, 0x00,
    0x00, 0xE0, 0x00, 0x00, 0x00, 0xE0, 0x00, 0x00, 0x05, 0x00, 0x00, 0xE0, 0x00, 0xE0, 0x00, 0x00,
    0x00, 0xE0, 0x00, 0x00, 0x00, 0xE0, 0x00, 0x00, 0x00, 0xE0, 0x00, 0x00, 0x00, 0xE0, 0x00, 0x00,
    0x00, 0xE0, 0x00, 0x00, 0x00, 0xE0, 0x00, 0x00, 0x08, 0x00, 0x00, 0xE0, 0x00, 0xE0, 0x00, 0x00,
    0x00, 0xE0, 0x00, 0x00, 0x00, 0xE0, 0x00, 0x00, 0x00, 0xE0, 0x00, 0x00, 0x00, 0xE0, 0x00, 0x00,
    0x00, 0xE0, 0x00, 0x00, 0x00, 0xE0, 0x00, 0x00, 0x07, 0x00, 0x00, 0xE0, 0x00, 0xE0, 0x00, 0x00,
    0x00, 0xE0, 0x00, 0x00, 0x00, 0xE0, 0x00, 0x00, 0x00, 0xE0, 0x00, 0x00, 0x00, 0xE0, 0x00, 0x00,
    0x00, 0xE0, 0x00, 0x00, 0x00, 0xE0, 0x00, 0x00, 0x0A, 0x00, 0x00, 0xE0, 0x00, 0xE0, 0x00, 0x00,
    0x00, 0xE0, 0x00, 0x00, 0x00, 0xE0, 0x00, 0x00, 0x00, 0xE0, 0x00, 0x00, 0x00, 0xE0, 0x00, 0x00,
    0x00, 0xE0, 0x00, 0x00, 0x00, 0xE0, 0x00, 0x00, 0x15, 0x00, 0x00, 0xE0, 0x00, 0xE0, 0x00, 0x00,
    0x00, 0xE0, 0x00, 0x00, 0x00, 0xE0, 0x00, 0x00, 0x00, 0xE0, 0x00, 0x00, 0x00, 0xE0, 0x00, 0x00,
    0x00, 0xE0, 0x00, 0x00, 0x00, 0xE0, 0x00, 0x00, 0x16, 0x00, 0x00, 0xE0, 0x00, 0xE0, 0x00, 0x00,
    0x00, 0xE0, 0x00, 0x00, 0x00, 0xE0, 0x00, 0x00, 0x00, 0xE0, 0x00, 0x00, 0x00, 0xE0, 0x00, 0x00,
    0x00, 0xE0, 0x00, 0x00, 0x00, 0xE0, 0x00, 0x00, 0x17, 0x00, 0x00, 0xE0, 0x00, 0xE0, 0x00, 0x00,
    0x00, 0xE0, 0x00, 0x00, 0x00, 0xE0, 0x00, 0x00, 0x00, 0xE0, 0x00, 0x00, 0x00, 0xE0, 0x00, 0x00,
    0x00, 0xE0, 0x00, 0x00, 0x00, 0xE0, 0x00, 0x00, 0x18, 0x00, 0x00, 0xE0, 0x00, 0xE0, 0x00, 0x00,
    0x00, 0xE0, 0x00, 0x00, 0x00, 0xE0, 0x00, 0x00, 0x00, 0xE0, 0x00, 0x00, 0x00, 0xE0, 0x00, 0x00,
    0x00, 0xE0, 0x00, 0x00, 0x00, 0xE0, 0x00, 0x00, 0x0B, 0x00, 0x00, 0xE0, 0x00, 0xE0, 0x00, 0x00,
    0x00, 0xE0, 0x00, 0x00, 0x00, 0xE0, 0x00, 0x00, 0x00, 0xE0, 0x00, 0x00, 0x00, 0xE0, 0x00, 0x00,
    0x00, 0xE0, 0x00, 0x00, 0x00, 0xE0, 0x00, 0x00, 0x1A, 0x00, 0x00, 0xE0, 0x00, 0xE0, 0x00, 0x00,
    0x00, 0xE0, 0x00, 0x00, 0x00, 0xE0, 0x00, 0x00, 0x00, 0xE0, 0x00, 0x00, 0x00, 0xE0, 0x00, 0x00,
    0x00, 0xE0, 0x00, 0x00, 0x00, 0xE0, 0x00, 0x00, 0x1B, 0x00, 0x00, 0xE0, 0x00, 0xE0, 0x00, 0x00,
    0x00, 0xE0, 0x00, 0x00, 0x00, 0xE0, 0x00, 0x00, 0x00, 0xE0, 0x00, 0x00, 0x00, 0xE0, 0x00, 0x00,
    0x00, 0xE0, 0x00, 0x00, 0x00, 0xE0, 0x00, 0x00, 0x1C, 0x00, 0x00, 0xE0, 0x00, 0xE0, 0x00, 0x00,
    0x00, 0xE0, 0x00, 0x00, 0x00, 0xE0, 0x00, 0x00, 0x00, 0xE0, 0x00, 0x00, 0x00, 0xE0, 0x00, 0x00,
    0x00, 0xE0, 0x00, 0x00, 0x00, 0xE0, 0x00, 0x00, 0x1D, 0x00, 0x00, 0xE0, 0x00, 0xE0, 0x00, 0x00,
    0x00, 0xE0, 0x00, 0x00, 0x00, 0xE0, 0x00, 0x00, 0x00, 0xE0, 0x00, 0x00, 0x00, 0xE0, 0x00, 0x00,
    0x00, 0xE0, 0x00, 0x00, 0x00, 0xE0, 0x00, 0x00, 0x1E, 0x00, 0x00, 0xE0, 0x00, 0xE0, 0x00, 0x00,
    0x00, 0xE0, 0x00, 0x00, 0x00, 0xE0, 0x00, 0x00, 0x00, 0xE0, 0x00, 0x00, 0x00, 0xE0, 0x00, 0x00,
    0x00, 0xE0, 0x00, 0x00, 0x07, 0x60, 0x00, 0x40, 0x00, 0xA0, 0x15, 0x00, 0x00, 0xA0, 0x15, 0xC0,
    0x00, 0xE0, 0x00, 0x00, 0x01, 0x00, 0x00, 0x00, 0xEC, 0x0C, 0x00, 0x00, 0x00, 0x00, 0x00, 0x00,
    0x00, 0xE0, 0x00, 0x00, 0x00, 0xE0, 0x00, 0x00, 0x00, 0xE0, 0x00, 0x00, 0x07, 0x60, 0x00, 0x40,
    0x00, 0xA0, 0x05, 0x00, 0x00, 0xA0, 0x00, 0xE0, 0x08, 0x00, 0x00, 0xE0, 0x00, 0x00, 0x00, 0x00,
    0x00, 0x00, 0x00, 0x00, 0x01, 0x00, 0x00, 0x00, 0x00, 0x00, 0x00, 0x00, 0x00, 0x00, 0x00, 0x00,
    0x00, 0xE0, 0x00, 0x00, 0x00, 0xE0, 0x00, 0x00, 0x00, 0xE0, 0x00, 0x00, 0x00, 0xE0, 0x00, 0x00,
    0x00, 0xE0, 0x00, 0x00, 0x00, 0xE0, 0x00, 0x00, 0x2C, 0x60, 0x0A, 0x00, 0x0A, 0xC0, 0x15, 0xC0,
    0x00, 0xE0, 0x00, 0x00, 0x00, 0xE0, 0x00, 0x00, 0x00, 0xE0, 0x00, 0x00, 0x00, 0xE0, 0x00, 0x00,
    0x00, 0xE0, 0x00, 0x00, 0x00, 0xE0, 0x00, 0x00, 0x00, 0xE0, 0x00, 0x00, 0x0E, 0x60, 0x00, 0xE0,
    0x01, 0x00, 0x00, 0x00, 0x74, 0x0C, 0x00, 0x00, 0x00, 0x00, 0x00, 0x00, 0x00, 0xE0, 0x00, 0x00,
    0x00, 0xE0, 0x00, 0x00, 0x00, 0xE0, 0x00, 0x00, 0x15, 0x60, 0x00, 0xE0, 0x01, 0x00, 0x00, 0x00,
    0x5C, 0x0C, 0x00, 0x00, 0x00, 0x00, 0x00, 0x00, 0x00, 0xE0, 0x00, 0x00, 0x00, 0xE0, 0x00, 0x00,
    0x00, 0xE0, 0x00, 0x00, 0x16, 0x60, 0x00, 0xE0, 0x01, 0x00, 0x00, 0x00, 0x44, 0x0C, 0x00, 0x00,
    0x00, 0x00, 0x00, 0x00, 0x00, 0xE0, 0x00, 0x00, 0x00, 0xE0, 0x00, 0x00, 0x00, 0xE0, 0x00, 0x00,
    0x14, 0x60, 0x00, 0xE0, 0x01, 0x00, 0x00, 0x00, 0x2C, 0x0C, 0x00, 0x00, 0x00, 0x00, 0x00, 0x00,
    0x00, 0xE0, 0x00, 0x00, 0x00, 0xE0, 0x00, 0x00, 0x00, 0xE0, 0x00, 0x00, 0x00, 0xE0, 0x00, 0x00,
    0x00, 0xE0, 0x00, 0x00, 0x00, 0xE0, 0x00, 0x00, 0x00, 0x40, 0x03, 0x00, 0x0A, 0xC0, 0x15, 0xC0,
    0x00, 0xE0, 0x00, 0x00, 0x00, 0xE0, 0x00, 0x00, 0x00, 0xE0, 0x00, 0x00, 0x00, 0xE0, 0x00, 0x00,
    0x00, 0xE0, 0x00, 0x00, 0x00, 0xE0, 0x00, 0x00, 0x00, 0xE0, 0x00, 0x00, 0x00, 0x40, 0x05, 0x00,
    0x0A, 0xC0, 0x15, 0xC0, 0x00, 0xE0, 0x00, 0x00, 0x00, 0xE0, 0x00, 0x00, 0x00, 0xE0, 0x00, 0x00,
    0x00, 0xE0, 0x00, 0x00, 0x00, 0xE0, 0x00, 0x00, 0x00, 0xE0, 0x00, 0x00, 0x00, 0xE0, 0x00, 0x00,
    0x00, 0x40, 0x07, 0x00, 0x0A, 0xC0, 0x15, 0xC0, 0x00, 0xE0, 0x00, 0x00, 0x00, 0xE0, 0x00, 0x00,
    0x00, 0xE0, 0x00, 0x00, 0x00, 0xE0, 0x00, 0x00, 0x00, 0xE0, 0x00, 0x00, 0x00, 0xE0, 0x00, 0x00,
    0x00, 0xE0, 0x00, 0x00, 0x00, 0x40, 0x08, 0x00, 0x0A, 0xC0, 0x15, 0xC0, 0x00, 0xE0, 0x00, 0x00,
    0x00, 0xE0, 0x00, 0x00, 0x00, 0xE0, 0x00, 0x00, 0x00, 0xE0, 0x00, 0x00, 0x00, 0x00, 0x00, 0x00,
    0x00, 0x00, 0x00, 0x00, 0x01, 0x00, 0x00, 0x00, 0x80, 0x0B, 0x00, 0x00, 0x84, 0x0B, 0x00, 0x00,
    0x00, 0x00, 0x00, 0x00, 0x00, 0x00, 0x00, 0x00, 0x01, 0x00, 0x00, 0x00, 0x78, 0x0B, 0x00, 0x00,
    0x7C, 0x0B, 0x00, 0x00, 0x00, 0x00, 0x00, 0x00, 0x00, 0x00, 0x00, 0x00, 0x01, 0x00, 0x00, 0x00,
    0x70, 0x0B, 0x00, 0x00, 0x74, 0x0B, 0x00, 0x00, 0x00, 0x00, 0x00, 0x00, 0x00, 0x00, 0x00, 0x00,
    0x01, 0x00, 0x00, 0x00, 0x68, 0x0B, 0x00, 0x00, 0x6C, 0x0B, 0x00, 0x00, 0x00, 0xE0, 0x00, 0x00,
    0x00, 0xE0, 0x00, 0x00, 0x00, 0xE0, 0x00, 0x00, 0x00, 0xE0, 0x00, 0x00, 0x00, 0xE0, 0x00, 0x00,
    0x00, 0xE0, 0x00, 0x00, 0x2C, 0x60, 0x08, 0x00, 0x0A, 0xC0, 0x15, 0xC0, 0x00, 0xE0, 0x00, 0x00,
    0x00, 0xE0, 0x00, 0x00, 0x00, 0xE0, 0x00, 0x00, 0x00, 0xE0, 0x00, 0x00, 0x01, 0x00, 0x00, 0x00,
    0x38, 0x0B, 0x00, 0x00, 0x00, 0x00, 0x00, 0x00, 0x00, 0xE0, 0x00, 0x00, 0x00, 0xE0, 0x00, 0x00,
    0x00, 0xE0, 0x00, 0x00, 0x1F, 0x00, 0x00, 0xE0, 0x00, 0xE0, 0x00, 0x00, 0x00, 0xE0, 0x00, 0x00,
    0x00, 0xE0, 0x00, 0x00, 0x00, 0xE0, 0x00, 0x00, 0x00, 0xE0, 0x00, 0x00, 0x00, 0xE0, 0x00, 0x00,
    0x00, 0xE0, 0x00, 0x00, 0x00, 0xE0, 0x00, 0x00, 0x00, 0xE0, 0x00, 0x00, 0x00, 0xE0, 0x00, 0x00,
    0x00, 0xE0, 0x00, 0x00, 0x00, 0xE0, 0x00, 0x00, 0x00, 0xE0, 0x00, 0x00, 0x00, 0xE0, 0x00, 0x00,
    0x00, 0xE0, 0x00, 0x00, 0x00, 0xE0, 0x00, 0x00, 0x00, 0xE0, 0x00, 0x00, 0x00, 0xE0, 0x00, 0x00,
    0x00, 0xE0, 0x00, 0x00, 0x00, 0xE0, 0x00, 0x00, 0x00, 0xE0, 0x00, 0x00, 0x00, 0xE0, 0x00, 0x00,
    0x00, 0xE0, 0x00, 0x00, 0x00, 0xE0, 0x00, 0x00, 0x00, 0xE0, 0x00, 0x00, 0x00, 0xE0, 0x00, 0x00,
    0x00, 0xE0, 0x00, 0x00, 0x00, 0xE0, 0x00, 0x00, 0x00, 0xE0, 0x00, 0x00, 0x00, 0xE0, 0x00, 0x00,
    0x00, 0xE0, 0x00, 0x00, 0x00, 0xE0, 0x00, 0x00, 0x00, 0xE0, 0x00, 0x00, 0x00, 0xE0, 0x00, 0x00,
    0x00, 0xE0, 0x00, 0x00, 0x00, 0xE0, 0x00, 0x00, 0x00, 0xE0, 0x00, 0x00, 0x00, 0xE0, 0x00, 0x00,
    0x00, 0xE0, 0x00, 0x00, 0x00, 0xE0, 0x00, 0x00, 0x00, 0xE0, 0x00, 0x00, 0x00, 0xE0, 0x00, 0x00,
    0x00, 0xE0, 0x00, 0x00, 0x00, 0xE0, 0x00, 0x00, 0x00, 0xE0, 0x00, 0x00, 0x00, 0xE0, 0x00, 0x00,
    0x00, 0xE0, 0x00, 0x00, 0x00, 0xE0, 0x00, 0x00, 0x00, 0xE0, 0x00, 0x00, 0x00, 0xE0, 0x00, 0x00,
    0x00, 0xE0, 0x00, 0x00, 0x00, 0xE0, 0x00, 0x00, 0x00, 0xE0, 0x00, 0x00, 0x00, 0xE0, 0x00, 0x00,
    0x20, 0x00, 0x00, 0xE0, 0x00, 0xE0, 0x00, 0x00, 0x00, 0xE0, 0x00, 0x00, 0x00, 0xE0, 0x00, 0x00,
    0x00, 0xE0, 0x00, 0x00, 0x00, 0xE0, 0x00, 0x00, 0x00, 0xE0, 0x00, 0x00, 0x21, 0x00, 0x00, 0xE0,
    0x00, 0x00, 0x00, 0x00, 0x00, 0x00, 0x00, 0x00, 0x01, 0x00, 0x00, 0x00, 0x00, 0xE0, 0x00, 0x00,
    0x00, 0xE0, 0x00, 0x00, 0x00, 0xE0, 0x00, 0x00, 0x00, 0xE0, 0x00, 0x00, 0x00, 0xE0, 0x00, 0x00,
    0x00, 0xE0, 0x00, 0x00, 0x00, 0xE0, 0x00, 0x00, 0x00, 0xE0, 0x00, 0x00, 0x00, 0xE0, 0x00, 0x00,
    0x0B, 0x60, 0x00, 0xE0, 0x00, 0xE0, 0x00, 0x00, 0x00, 0xE0, 0x00, 0x00, 0x00, 0xE0, 0x00, 0x00,
    0x0A, 0x60, 0x00, 0xE0, 0x00, 0xE0, 0x00, 0x00, 0x00, 0xE0, 0x00, 0x00, 0x00, 0xE0, 0x00, 0x00,
    0x00, 0xE0, 0x00, 0x00, 0x00, 0xE0, 0x00, 0x00, 0x00, 0xE0, 0x00, 0x00, 0x0D, 0x60, 0x00, 0xE0,
    0x00, 0xE0, 0x00, 0x00, 0x00, 0xE0, 0x00, 0x00, 0x00, 0xE0, 0x00, 0x00, 0x0C, 0x60, 0x00, 0xE0,
    0x00, 0xE0, 0x00, 0x00, 0x00, 0xE0, 0x00, 0x00, 0x00, 0xE0, 0x00, 0x00, 0x00, 0xE0, 0x00, 0x00,
    0x00, 0xE0, 0x00, 0x00, 0x00, 0xE0, 0x00, 0x00, 0x0F, 0x60, 0x00, 0xE0, 0x00, 0xE0, 0x00, 0x00,
    0x00, 0xE0, 0x00, 0x00, 0x00, 0xE0, 0x00, 0x00, 0x10, 0x60, 0x00, 0xE0, 0x00, 0xE0, 0x00, 0x00,
    0x00, 0xE0, 0x00, 0x00, 0x00, 0xE0, 0x00, 0x00, 0x00, 0xE0, 0x00, 0x00, 0x00, 0xE0, 0x00, 0x00,
    0x00, 0xE0, 0x00, 0x00, 0x13, 0x60, 0x00, 0xE0, 0x00, 0xE0, 0x00, 0x00, 0x00, 0xE0, 0x00, 0x00,
    0x00, 0xE0, 0x00, 0x00, 0x00, 0x00, 0x00, 0x00, 0x00, 0x00, 0x00, 0x00, 0x00, 0x00, 0x00, 0x00,
    0x00, 0xE0, 0x00, 0x00, 0x00, 0xE0, 0x00, 0x00, 0x00, 0xE0, 0x00, 0x00, 0x22, 0x00, 0x00, 0xE0,
    0x00, 0xE0, 0x00, 0x00, 0x00, 0xE0, 0x00, 0x00, 0x00, 0xE0, 0x00, 0x00, 0x00, 0xE0, 0x00, 0x00,
    0x00, 0xE0, 0x00, 0x00, 0x00, 0xE0, 0x00, 0x00, 0x00, 0xE0, 0x00, 0x00, 0x00, 0xE0, 0x00, 0x00,
    0x00, 0xE0, 0x00, 0x00, 0x00, 0xE0, 0x00, 0x00, 0x00, 0xE0, 0x00, 0x00, 0x00, 0xE0, 0x00, 0x00,
    0x00, 0xE0, 0x00, 0x00, 0x00, 0xE0, 0x00, 0x00, 0x00, 0xE0, 0x00, 0x00, 0x00, 0xE0, 0x00, 0x00,
    0x00, 0xE0, 0x00, 0x00, 0x00, 0xE0, 0x00, 0x00, 0x00, 0xE0, 0x00, 0x00, 0x00, 0xE0, 0x00, 0x00,
    0x00, 0xE0, 0x00, 0x00, 0x00, 0xE0, 0x00, 0x00, 0x00, 0xE0, 0x00, 0x00, 0x00, 0xE0, 0x00, 0x00,
    0x00, 0x40, 0x03, 0x00, 0x0A, 0xC0, 0x15, 0xC0, 0x00, 0xE0, 0x00, 0x00, 0x00, 0xE0, 0x00, 0x00,
    0x00, 0xE0, 0x00, 0x00, 0x00, 0xE0, 0x00, 0x00, 0x00, 0xE0, 0x00, 0x00, 0x00, 0xE0, 0x00, 0x00,
    0x00, 0xE0, 0x00, 0x00, 0x00, 0xE0, 0x00, 0x00, 0x00, 0xE0, 0x00, 0x00, 0x00, 0xE0, 0x00, 0x00,
    0x00, 0xE0, 0x00, 0x00, 0x00, 0xE0, 0x00, 0x00, 0x00, 0xE0, 0x00, 0x00, 0x31, 0x60, 0x23, 0x00,
    0x00, 0xC0, 0x24, 0x00, 0x00, 0xC0, 0x00, 0xE0, 0x01, 0x00, 0x00, 0x00, 0xA0, 0x08, 0x00, 0x00,
    0x00, 0x00, 0x00, 0x00, 0x00, 0xE0, 0x00, 0x00, 0x00, 0xE0, 0x00, 0x00, 0x00, 0xE0, 0x00, 0x00,
    0x00, 0xE0, 0x00, 0x00, 0x00, 0xE0, 0x00, 0x00, 0x00, 0xE0, 0x00, 0x00, 0x00, 0xE0, 0x00, 0x00,
    0x00, 0xE0, 0x00, 0x00, 0x00, 0xE0, 0x00, 0x00, 0x2A, 0x60, 0x23, 0x00, 0x00, 0xC0, 0x24, 0x00,
    0x00, 0xC0, 0x00, 0xE0, 0x01, 0x00, 0x00, 0x00, 0x68, 0x08, 0x00, 0x00, 0x00, 0x00, 0x00, 0x00,
    0x00, 0xE0, 0x00, 0x00, 0x00, 0xE0, 0x00, 0x00, 0x00, 0xE0, 0x00, 0x00, 0x00, 0x40, 0x05, 0x00,
    0x0A, 0xC0, 0x15, 0xC0, 0x00, 0xE0, 0x00, 0x00, 0x00, 0xE0, 0x00, 0x00, 0x00, 0xE0, 0x00, 0x00,
    0x00, 0xE0, 0x00, 0x00, 0x00, 0x40, 0x00, 0xE0, 0x00, 0xE0, 0x00, 0x00, 0x00, 0xE0, 0x00, 0x00,
    0x00, 0xE0, 0x00, 0x00, 0x00, 0x40, 0x08, 0x00, 0x0A, 0xC0, 0x15, 0xC0, 0x00, 0xE0, 0x00, 0x00,
    0x00, 0xE0, 0x00, 0x00, 0x00, 0xE0, 0x00, 0x00, 0x00, 0xE0, 0x00, 0x00, 0x00, 0x40, 0x00, 0xE0,
    0x00, 0x00, 0x00, 0x00, 0x00, 0x00, 0x00, 0x00, 0x01, 0x00, 0x00, 0x00, 0x08, 0x08, 0x00, 0x00,
    0x0C, 0x08, 0x00, 0x00, 0x00, 0x00, 0x00, 0x00, 0x00, 0x00, 0x00, 0x00, 0x01, 0x00, 0x00, 0x00,
    0x00, 0x08, 0x00, 0x00, 0x04, 0x08, 0x00, 0x00, 0x00, 0xE0, 0x00, 0x00, 0x00, 0xE0, 0x00, 0x00,
    0x00, 0xE0, 0x00, 0x00, 0x00, 0xE0, 0x00, 0x00, 0x00, 0xE0, 0x00, 0x00, 0x00, 0xE0, 0x00, 0x00,
    0x00, 0xE0, 0x00, 0x00, 0x00, 0xE0, 0x00, 0x00, 0x00, 0xE0, 0x00, 0x00, 0x1F, 0x00, 0x25, 0x00,
    0x00, 0xC0, 0x00, 0xE0, 0x01, 0x00, 0x00, 0x00, 0xD4, 0x07, 0x00, 0x00, 0x00, 0x00, 0x00, 0x00,
    0x00, 0xE0, 0x00, 0x00, 0x00, 0xE0, 0x00, 0x00, 0x00, 0xE0, 0x00, 0x00, 0x1E, 0x60, 0x00, 0xF0,
    0x02, 0x00, 0x00, 0x00, 0x01, 0x00, 0x00, 0x00, 0xB8, 0x07, 0x00, 0x00, 0x00, 0x00, 0x00, 0x00,
    0x00, 0xE0, 0x00, 0x00, 0x00, 0xE0, 0x00, 0x00, 0x00, 0xE0, 0x00, 0x00, 0x2B, 0x60, 0x07, 0x00,
    0x00, 0xA0, 0x15, 0xC0, 0x00, 0xE0, 0x00, 0x00, 0x00, 0xE0, 0x00, 0x00, 0x00, 0xE0, 0x00, 0x00,
    0x00, 0xE0, 0x00, 0x00, 0x00, 0xE0, 0x00, 0x00, 0x00, 0xE0, 0x00, 0x00, 0x00, 0xE0, 0x00, 0x00,
    0x2B, 0x60, 0x03, 0x00, 0x00, 0xA0, 0x00, 0xE0, 0x00, 0xE0, 0x00, 0x00, 0x00, 0xE0, 0x00, 0x00,
    0x00, 0xE0, 0x00, 0x00, 0x00, 0xE0, 0x00, 0x00, 0x00, 0xE0, 0x00, 0x00, 0x00, 0xE0, 0x00, 0x00,
    0x00, 0xE0, 0x00, 0x00, 0x00, 0xE0, 0x00, 0x00, 0x00, 0xE0, 0x00, 0x00, 0x00, 0xE0, 0x00, 0x00,
    0x03, 0x00, 0x00, 0xE0, 0x00, 0xE0, 0x00, 0x00, 0x00, 0xE0, 0x00, 0x00, 0x00, 0xE0, 0x00, 0x00,
    0x00, 0xE0, 0x00, 0x00, 0x00, 0xE0, 0x00, 0x00, 0x00, 0xE0, 0x00, 0x00, 0x00, 0xE0, 0x00, 0x00,
    0x05, 0x00, 0x00, 0xE0, 0x00, 0xE0, 0x00, 0x00, 0x00, 0xE0, 0x00, 0x00, 0x00, 0xE0, 0x00, 0x00,
    0x00, 0xE0, 0x00, 0x00, 0x00, 0xE0, 0x00, 0x00, 0x00, 0xE0, 0x00, 0x00, 0x00, 0xE0, 0x00, 0x00,
    0x08, 0x00, 0x00, 0xE0, 0x00, 0xE0, 0x00, 0x00, 0x00, 0xE0, 0x00, 0x00, 0x00, 0xE0, 0x00, 0x00,
    0x00, 0xE0, 0x00, 0x00, 0x00, 0xE0, 0x00, 0x00, 0x00, 0xE0, 0x00, 0x00, 0x00, 0xE0, 0x00, 0x00,
    0x07, 0x00, 0x00, 0xE0, 0x00, 0xE0, 0x00, 0x00, 0x00, 0xE0, 0x00, 0x00, 0x00, 0xE0, 0x00, 0x00,
    0x00, 0xE0, 0x00, 0x00, 0x00, 0xE0, 0x00, 0x00, 0x00, 0xE0, 0x00, 0x00, 0x00, 0xE0, 0x00, 0x00,
    0x0A, 0x00, 0x00, 0xE0, 0x00, 0xE0, 0x00, 0x00, 0x00, 0xE0, 0x00, 0x00, 0x00, 0xE0, 0x00, 0x00,
    0x00, 0xE0, 0x00, 0x00, 0x00, 0xE0, 0x00, 0x00, 0x00, 0xE0, 0x00, 0x00, 0x00, 0xE0, 0x00, 0x00,
    0x15, 0x00, 0x00, 0xE0, 0x00, 0xE0, 0x00, 0x00, 0x00, 0xE0, 0x00, 0x00, 0x00, 0xE0, 0x00, 0x00,
    0x00, 0xE0, 0x00, 0x00, 0x00, 0xE0, 0x00, 0x00, 0x00, 0xE0, 0x00, 0x00, 0x00, 0xE0, 0x00, 0x00,
    0x16, 0x00, 0x00, 0xE0, 0x00, 0xE0, 0x00, 0x00, 0x00, 0xE0, 0x00, 0x00, 0x00, 0xE0, 0x00, 0x00,
    0x00, 0xE0, 0x00, 0x00, 0x00, 0xE0, 0x00, 0x00, 0x00, 0xE0, 0x00, 0x00, 0x00, 0xE0, 0x00, 0x00,
    0x17, 0x00, 0x00, 0xE0, 0x00, 0xE0, 0x00, 0x00, 0x00, 0xE0, 0x00, 0x00, 0x00, 0xE0, 0x00, 0x00,
    0x00, 0xE0, 0x00, 0x00, 0x00, 0xE0, 0x00, 0x00, 0x00, 0xE0, 0x00, 0x00, 0x00, 0xE0, 0x00, 0x00,
    0x18, 0x00, 0x00, 0xE0, 0x00, 0xE0, 0x00, 0x00, 0x00, 0xE0, 0x00, 0x00, 0x00, 0xE0, 0x00, 0x00,
    0x00, 0xE0, 0x00, 0x00, 0x00, 0xE0, 0x00, 0x00, 0x00, 0xE0, 0x00, 0x00, 0x00, 0xE0, 0x00, 0x00,
    0x0B, 0x00, 0x00, 0xE0, 0x00, 0x00, 0x00, 0x00, 0x00, 0x00, 0x00, 0x00, 0x01, 0x00, 0x00, 0x00,
    0x24, 0x06, 0x00, 0x00, 0x28, 0x06, 0x00, 0x00, 0x1E, 0x60, 0x00, 0xE0, 0x01, 0x00, 0x00, 0x00,
    0x20, 0x06, 0x00, 0x00, 0x01, 0x00, 0x00, 0x00, 0x01, 0x00, 0x00, 0x00, 0x18, 0x06, 0x00, 0x00,
    0x00, 0x00, 0x00, 0x00, 0x01, 0x00, 0x00, 0x00, 0x10, 0x06, 0x00, 0x00, 0x00, 0x00, 0x00, 0x00,
    0x01, 0x00, 0x00, 0x00, 0x08, 0x06, 0x00, 0x00, 0x01, 0x00, 0x00, 0x00, 0x01, 0x00, 0x00, 0x00,
    0x00, 0x06, 0x00, 0x00, 0x01, 0x00, 0x00, 0x00, 0x00, 0x00, 0x00, 0x00, 0x00, 0x00, 0x00, 0x00,
    0x01, 0x00, 0x00, 0x00, 0x00, 0x00, 0x00, 0x00, 0x00, 0x00, 0x00, 0x00, 0x01, 0x00, 0x00, 0x00,
    0xE4, 0x05, 0x00, 0x00, 0xE8, 0x05, 0x00, 0x00, 0x00, 0x00, 0x00, 0x00, 0x00, 0x00, 0x00, 0x00,
    0x01, 0x00, 0x00, 0x00, 0xDC, 0x05, 0x00, 0x00, 0xE0, 0x05, 0x00, 0x00, 0x00, 0xE0, 0x00, 0x00,
    0x00, 0xE0, 0x00, 0x00, 0x00, 0xE0, 0x00, 0x00, 0x00, 0xE0, 0x00, 0x00, 0x00, 0xE0, 0x00, 0x00,
    0x00, 0xE0, 0x00, 0x00, 0x00, 0xE0, 0x00, 0x00, 0x00, 0xE0, 0x00, 0x00, 0x00, 0xE0, 0x00, 0x00,
    0x1F, 0x00, 0x25, 0x00, 0x00, 0xC0, 0x00, 0xE0, 0x01, 0x00, 0x00, 0x00, 0xB0, 0x05, 0x00, 0x00,
    0x00, 0x00, 0x00, 0x00, 0x00, 0xE0, 0x00, 0x00, 0x00, 0xE0, 0x00, 0x00, 0x00, 0xE0, 0x00, 0x00,
    0x22, 0x60, 0x00, 0xF0, 0x02, 0x00, 0x00, 0x00, 0x01, 0x00, 0x00, 0x00, 0x94, 0x05, 0x00, 0x00,
    0x00, 0x00, 0x00, 0x00, 0x00, 0xE0, 0x00, 0x00, 0x00, 0xE0, 0x00, 0x00, 0x00, 0xE0, 0x00, 0x00,
    0x00, 0xE0, 0x00, 0x00, 0x00, 0xE0, 0x00, 0x00, 0x00, 0xE0, 0x00, 0x00, 0x00, 0xE0, 0x00, 0x00,
    0x00, 0xE0, 0x00, 0x00, 0x00, 0xE0, 0x00, 0x00, 0x00, 0xE0, 0x00, 0x00, 0x03, 0x00, 0x00, 0xE0,
    0x00, 0xE0, 0x00, 0x00, 0x00, 0xE0, 0x00, 0x00, 0x00, 0xE0, 0x00, 0x00, 0x00, 0xE0, 0x00, 0x00,
    0x00, 0xE0, 0x00, 0x00, 0x00, 0xE0, 0x00, 0x00, 0x00, 0xE0, 0x00, 0x00, 0x05, 0x00, 0x00, 0xE0,
    0x00, 0xE0, 0x00, 0x00, 0x00, 0xE0, 0x00, 0x00, 0x00, 0xE0, 0x00, 0x00, 0x00, 0xE0, 0x00, 0x00,
    0x00, 0xE0, 0x00, 0x00, 0x00, 0xE0, 0x00, 0x00, 0x00, 0xE0, 0x00, 0x00, 0x08, 0x00, 0x00, 0xE0,
    0x00, 0xE0, 0x00, 0x00, 0x00, 0xE0, 0x00, 0x00, 0x00, 0xE0, 0x00, 0x00, 0x00, 0xE0, 0x00, 0x00,
    0x00, 0xE0, 0x00, 0x00, 0x00, 0xE0, 0x00, 0x00, 0x00, 0xE0, 0x00, 0x00, 0x07, 0x00, 0x00, 0xE0,
    0x00, 0xE0, 0x00, 0x00, 0x00, 0xE0, 0x00, 0x00, 0x00, 0xE0, 0x00, 0x00, 0x00, 0xE0, 0x00, 0x00,
    0x00, 0xE0, 0x00, 0x00, 0x00, 0xE0, 0x00, 0x00, 0x00, 0xE0, 0x00, 0x00, 0x0A, 0x00, 0x00, 0xE0,
    0x00, 0xE0, 0x00, 0x00, 0x00, 0xE0, 0x00, 0x00, 0x00, 0xE0, 0x00, 0x00, 0x00, 0xE0, 0x00, 0x00,
    0x00, 0xE0, 0x00, 0x00, 0x00, 0xE0, 0x00, 0x00, 0x00, 0xE0, 0x00, 0x00, 0x15, 0x00, 0x00, 0xE0,
    0x00, 0xE0, 0x00, 0x00, 0x00, 0xE0, 0x00, 0x00, 0x00, 0xE0, 0x00, 0x00, 0x00, 0xE0, 0x00, 0x00,
    0x00, 0xE0, 0x00, 0x00, 0x00, 0xE0, 0x00, 0x00, 0x00, 0xE0, 0x00, 0x00, 0x16, 0x00, 0x00, 0xE0,
    0x00, 0xE0, 0x00, 0x00, 0x00, 0xE0, 0x00, 0x00, 0x00, 0xE0, 0x00, 0x00, 0x00, 0xE0, 0x00, 0x00,
    0x00, 0xE0, 0x00, 0x00, 0x00, 0xE0, 0x00, 0x00, 0x00, 0xE0, 0x00, 0x00, 0x17, 0x00, 0x00, 0xE0,
    0x00, 0xE0, 0x00, 0x00, 0x00, 0xE0, 0x00, 0x00, 0x00, 0xE0, 0x00, 0x00, 0x00, 0xE0, 0x00, 0x00,
    0x00, 0xE0, 0x00, 0x00, 0x00, 0xE0, 0x00, 0x00, 0x00, 0xE0, 0x00, 0x00, 0x18, 0x00, 0x00, 0xE0,
    0x00, 0xE0, 0x00, 0x00, 0x00, 0xE0, 0x00, 0x00, 0x00, 0xE0, 0x00, 0x00, 0x00, 0xE0, 0x00, 0x00,
    0x00, 0xE0, 0x00, 0x00, 0x00, 0xE0, 0x00, 0x00, 0x00, 0xE0, 0x00, 0x00, 0x0B, 0x00, 0x00, 0xE0,
    0x00, 0x00, 0x00, 0x00, 0x00, 0x00, 0x00, 0x00, 0x01, 0x00, 0x00, 0x00, 0x38, 0x04, 0x00, 0x00,
    0x3C, 0x04, 0x00, 0x00, 0x22, 0x60, 0x00, 0xE0, 0x00, 0x00, 0x00, 0x00, 0x00, 0x00, 0x00, 0x00,
    0x01, 0x00, 0x00, 0x00, 0x01, 0x00, 0x00, 0x00, 0x28, 0x04, 0x00, 0x00, 0x00, 0x00, 0x00, 0x00,
    0x01, 0x00, 0x00, 0x00, 0x20, 0x04, 0x00, 0x00, 0x00, 0x00, 0x00, 0x00, 0x00, 0x00, 0x00, 0x00,
    0x00, 0x00, 0x00, 0x00, 0x01, 0x00, 0x00, 0x00, 0x00, 0x00, 0x00, 0x00, 0x00, 0x00, 0x00, 0x00,
    0x01, 0x00, 0x00, 0x00, 0x00, 0xE0, 0x00, 0x00, 0x00, 0xE0, 0x00, 0x00, 0x00, 0xE0, 0x00, 0x00,
    0x21, 0x60, 0x00, 0x40, 0x00, 0xA0, 0x03, 0x00, 0x00, 0xA0, 0x00, 0xE0, 0x00, 0xE0, 0x00, 0x00,
    0x00, 0xE0, 0x00, 0x00, 0x00, 0xE0, 0x00, 0x00, 0x21, 0x60, 0x00, 0x40, 0x00, 0xA0, 0x08, 0x00,
    0x00, 0xA0, 0x15, 0xC0, 0x00, 0xE0, 0x00, 0x00, 0x00, 0x00, 0x00, 0x00, 0x00, 0x00, 0x00, 0x00,
    0x00, 0x00, 0x00, 0x00, 0x00, 0xE0, 0x00, 0x00, 0x00, 0xE0, 0x00, 0x00, 0x00, 0xE0, 0x00, 0x00,
    0x21, 0x60, 0x00, 0x40, 0x00, 0xA0, 0x05, 0x00, 0x00, 0xA0, 0x00, 0xE0, 0x00, 0xE0, 0x00, 0x00,
    0x00, 0xE0, 0x00, 0x00, 0x00, 0xE0, 0x00, 0x00, 0x1F, 0x60, 0x00, 0x40, 0x00, 0xA0, 0x03, 0x00,
    0x00, 0xA0, 0x00, 0xE0, 0x00, 0xE0, 0x00, 0x00, 0x00, 0xE0, 0x00, 0x00, 0x00, 0xE0, 0x00, 0x00,
    0x1F, 0x60, 0x00, 0x40, 0x00, 0xA0, 0x07, 0x00, 0x00, 0xA0, 0x15, 0xC0, 0x00, 0xE0, 0x00, 0x00,
    0x01, 0x00, 0x00, 0x00, 0x74, 0x03, 0x00, 0x00, 0x00, 0x00, 0x00, 0x00, 0x00, 0xE0, 0x00, 0x00,
    0x00, 0xE0, 0x00, 0x00, 0x00, 0xE0, 0x00, 0x00, 0x28, 0x00, 0x00, 0xE0, 0x00, 0xE0, 0x00, 0x00,
    0x00, 0xE0, 0x00, 0x00, 0x00, 0xE0, 0x00, 0x00, 0x13, 0x00, 0x00, 0xE0, 0x00, 0x00, 0x00, 0x00,
    0x00, 0x00, 0x00, 0x00, 0x01, 0x00, 0x00, 0x00, 0x00, 0x00, 0x00, 0x00, 0x05, 0x00, 0x00, 0x00,
    0x3C, 0x03, 0x00, 0x00, 0x01, 0x00, 0x00, 0x00, 0x48, 0x03, 0x00, 0x00, 0x01, 0x00, 0x00, 0x00,
    0x44, 0x03, 0x00, 0x00, 0x48, 0x03, 0x00, 0x00, 0x00, 0xE0, 0x00, 0x00, 0x00, 0xE0, 0x00, 0x00,
    0x00, 0xE0, 0x00, 0x00, 0x00, 0xE0, 0x00, 0x00, 0x00, 0xE0, 0x00, 0x00, 0x00, 0xE0, 0x00, 0x00,
    0x00, 0xE0, 0x00, 0x00, 0x00, 0xE0, 0x00, 0x00, 0x00, 0xE0, 0x00, 0x00, 0x00, 0xE0, 0x00, 0x00,
    0x00, 0xE0, 0x00, 0x00, 0x00, 0xE0, 0x00, 0x00, 0x00, 0xE0, 0x00, 0x00, 0x00, 0xE0, 0x00, 0x00,
    0x00, 0xE0, 0x00, 0x00, 0x00, 0xE0, 0x00, 0x00, 0x00, 0xE0, 0x00, 0x00, 0x00, 0xE0, 0x00, 0x00,
    0x00, 0xE0, 0x00, 0x00, 0x00, 0xE0, 0x00, 0x00, 0x00, 0xE0, 0x00, 0x00, 0x00, 0xE0, 0x00, 0x00,
    0x00, 0xE0, 0x00, 0x00, 0x00, 0xE0, 0x00, 0x00, 0x00, 0xE0, 0x00, 0x00, 0x00, 0xE0, 0x00, 0x00,
    0x00, 0xE0, 0x00, 0x00, 0x00, 0xE0, 0x00, 0x00, 0x00, 0xE0, 0x00, 0x00, 0x00, 0xE0, 0x00, 0x00,
    0x00, 0xE0, 0x00, 0x00, 0x00, 0xE0, 0x00, 0x00, 0x00, 0xE0, 0x00, 0x00, 0x00, 0xE0, 0x00, 0x00,
    0x00, 0xE0, 0x00, 0x00, 0x00, 0xE0, 0x00, 0x00, 0x00, 0xE0, 0x00, 0x00, 0x00, 0xE0, 0x00, 0x00,
    0x00, 0xE0, 0x00, 0x00, 0x00, 0xE0, 0x00, 0x00, 0x00, 0xE0, 0x00, 0x00, 0x00, 0xE0, 0x00, 0x00,
    0x01, 0x40, 0x00, 0xF0, 0x07, 0x00, 0x00, 0x00, 0x01, 0x00, 0x00, 0x00, 0x94, 0x02, 0x00, 0x00,
    0x00, 0x00, 0x00, 0x00, 0x00, 0x40, 0x00, 0xE0, 0x01, 0x40, 0x00, 0xE0, 0x00, 0x00, 0x00, 0x00,
    0x00, 0x00, 0x00, 0x00, 0x01, 0x00, 0x00, 0x00, 0x00, 0xE0, 0x00, 0x00, 0x00, 0xE0, 0x00, 0x00,
    0x00, 0xE0, 0x00, 0x00, 0x00, 0xE0, 0x00, 0x00, 0x00, 0xE0, 0x00, 0x00, 0x00, 0xE0, 0x00, 0x00,
    0x00, 0xE0, 0x00, 0x00, 0x00, 0xE0, 0x00, 0x00, 0x00, 0xE0, 0x00, 0x00, 0x00, 0xE0, 0x00, 0x00,
    0x00, 0xE0, 0x00, 0x00, 0x00, 0xE0, 0x00, 0x00, 0x00, 0xE0, 0x00, 0x00, 0x00, 0xE0, 0x00, 0x00,
    0x00, 0xE0, 0x00, 0x00, 0x01, 0x40, 0x00, 0xF0, 0x02, 0x00, 0x00, 0x00, 0x01, 0x00, 0x00, 0x00,
    0x34, 0x02, 0x00, 0x00, 0x00, 0x00, 0x00, 0x00, 0x01, 0x40, 0x00, 0xE0, 0x00, 0x00, 0x00, 0x00,
    0x00, 0x00, 0x00, 0x00, 0x01, 0x00, 0x00, 0x00, 0x00, 0xE0, 0x00, 0x00, 0x00, 0xE0, 0x00, 0x00,
    0x00, 0xE0, 0x00, 0x00, 0x00, 0xE0, 0x00, 0x00, 0x00, 0xE0, 0x00, 0x00, 0x00, 0xE0, 0x00, 0x00,
    0x00, 0xE0, 0x00, 0x00, 0x00, 0xE0, 0x00, 0x00, 0x00, 0xE0, 0x00, 0x00, 0x00, 0xE0, 0x00, 0x00,
    0x00, 0xE0, 0x00, 0x00, 0x00, 0xE0, 0x00, 0x00, 0x00, 0xE0, 0x00, 0x00, 0x00, 0xE0, 0x00, 0x00,
    0x00, 0xE0, 0x00, 0x00, 0x00, 0xE0, 0x00, 0x00, 0x00, 0xE0, 0x00, 0x00, 0x00, 0xE0, 0x00, 0x00,
    0x00, 0xE0, 0x00, 0x00, 0x00, 0xE0, 0x00, 0x00, 0x00, 0xE0, 0x00, 0x00, 0x00, 0xE0, 0x00, 0x00,
    0x00, 0xE0, 0x00, 0x00, 0x00, 0xE0, 0x00, 0x00, 0x00, 0xE0, 0x00, 0x00, 0x00, 0xE0, 0x00, 0x00,
    0x00, 0xE0, 0x00, 0x00, 0x00, 0xE0, 0x00, 0x00, 0x00, 0xE0, 0x00, 0x00, 0x00, 0xE0, 0x00, 0x00,
    0x00, 0xE0, 0x00, 0x00, 0x00, 0xE0, 0x00, 0x00, 0x00, 0xE0, 0x00, 0x00, 0x19, 0x00, 0x00, 0xE0,
    0x00, 0xE0, 0x00, 0x00, 0x00, 0xE0, 0x00, 0x00, 0x00, 0xE0, 0x00, 0x00, 0x00, 0xE0, 0x00, 0x00,
    0x00, 0xE0, 0x00, 0x00, 0x00, 0xE0, 0x00, 0x00, 0x00, 0x00, 0x00, 0x00, 0x00, 0x00, 0x00, 0x00,
    0x01, 0x00, 0x00, 0x00, 0x74, 0x01, 0x00, 0x00, 0x80, 0x01, 0x00, 0x00, 0x80, 0x01, 0x00, 0x00,
    0x80, 0x01, 0x00, 0x00, 0x80, 0x01, 0x00, 0x00, 0x80, 0x01, 0x00, 0x00, 0x80, 0x01, 0x00, 0x00,
    0x80, 0x01, 0x00, 0x00, 0x80, 0x01, 0x00, 0x00, 0x80, 0x01, 0x00, 0x00, 0x80, 0x01, 0x00, 0x00,
    0x80, 0x01, 0x00, 0x00, 0x80, 0x01, 0x00, 0x00, 0x80, 0x01, 0x00, 0x00, 0x02, 0x40, 0x03, 0x00,
    0x0A, 0xC0, 0x00, 0xE0, 0x0F, 0x00, 0x00, 0xE0, 0x02, 0x40, 0x05, 0x00, 0x0A, 0xC0, 0x00, 0xE0,
    0x0F, 0x00, 0x00, 0xE0, 0x02, 0x40, 0x08, 0x00, 0x0A, 0xC0, 0x00, 0xE0, 0x0F, 0x00, 0x00, 0xE0,
    0x02, 0x40, 0x07, 0x00, 0x0A, 0xC0, 0x00, 0xE0, 0x0F, 0x00, 0x00, 0xE0, 0x50, 0x01, 0x00, 0x00,
    0x50, 0x01, 0x00, 0x00, 0x50, 0x01, 0x00, 0x00, 0x50, 0x01, 0x00, 0x00, 0x50, 0x01, 0x00, 0x00,
    0x50, 0x01, 0x00, 0x00, 0x50, 0x01, 0x00, 0x00, 0x50, 0x01, 0x00, 0x00, 0x50, 0x01, 0x00, 0x00,
    0x50, 0x01, 0x00, 0x00, 0x50, 0x01, 0x00, 0x00, 0x00, 0x40, 0x00, 0xF0, 0x07, 0x00, 0x00, 0x00,
    0x03, 0x00, 0x00, 0xE0, 0x00, 0x40, 0x00, 0xF0, 0x07, 0x00, 0x00, 0x00, 0x05, 0x00, 0x00, 0xE0,
    0x00, 0x40, 0x00, 0xF0, 0x07, 0x00, 0x00, 0x00, 0x07, 0x00, 0x00, 0xE0, 0x00, 0x40, 0x00, 0xF0,
    0x07, 0x00, 0x00, 0x00, 0x08, 0x00, 0x00, 0xE0, 0x20, 0x01, 0x00, 0x00, 0x20, 0x01, 0x00, 0x00,
    0x20, 0x01, 0x00, 0x00, 0x00, 0x40, 0x00, 0xF0, 0x07, 0x00, 0x00, 0x00, 0x05, 0x00, 0x00, 0xE0,
    0x00, 0x40, 0x00, 0xF0, 0x07, 0x00, 0x00, 0x00, 0x08, 0x00, 0x00, 0xE0, 0x08, 0x01, 0x00, 0x00,
    0x08, 0x01, 0x00, 0x00, 0x00, 0x40, 0x00, 0xF0, 0x3E, 0x00, 0x00, 0x00, 0x03, 0x00, 0x00, 0xE0,
    0xFC, 0x00, 0x00, 0x00, 0xFC, 0x00, 0x00, 0x00, 0xFC, 0x00, 0x00, 0x00, 0xFC, 0x00, 0x00, 0x00,
    0xFC, 0x00, 0x00, 0x00, 0x31, 0x60, 0x00, 0xF0, 0x0D, 0x00, 0x00, 0x00, 0x26, 0x00, 0x00, 0xE0,
    0x31, 0x60, 0x00, 0xF0, 0x0D, 0x00, 0x00, 0x00, 0x27, 0x00, 0x00, 0xE0, 0xE4, 0x00, 0x00, 0x00,
    0xE4, 0x00, 0x00, 0x00, 0x00, 0x40, 0x00, 0xF0, 0x3E, 0x00, 0x00, 0x00, 0x03, 0x00, 0x00, 0xE0,
    0xD8, 0x00, 0x00, 0x00, 0xD8, 0x00, 0x00, 0x00, 0xD8, 0x00, 0x00, 0x00, 0xD8, 0x00, 0x00, 0x00,
    0xD8, 0x00, 0x00, 0x00, 0xD8, 0x00, 0x00, 0x00, 0xD8, 0x00, 0x00, 0x00, 0xD8, 0x00, 0x00, 0x00,
    0xD8, 0x00, 0x00, 0x00, 0x27, 0x60, 0x00, 0xF0, 0x07, 0x00, 0x00, 0x00, 0x00, 0x40, 0x00, 0xE0,
    0xCC, 0x00, 0x00, 0x00, 0xCC, 0x00, 0x00, 0x00, 0x1F, 0x60, 0x00, 0x40, 0x00, 0xA0, 0x07, 0x00,
    0x00, 0xA0, 0x00, 0xF0, 0x02, 0x00, 0x00, 0x00, 0x0F, 0x00, 0x00, 0xE0, 0x09, 0x00, 0x00, 0x00,
    0x0A, 0x00, 0x01, 0x00, 0x0B, 0x00, 0x00, 0xE0, 0x0C, 0x00, 0x00, 0xE0, 0x03, 0x00, 0x00, 0xE0,
    0x03, 0x00, 0x00, 0x00, 0x05, 0x00, 0x00, 0xE0, 0x0E, 0x00, 0x00, 0xE0, 0x04, 0x00, 0x01, 0x00,
    0x06, 0x00, 0x02, 0x00, 0x07, 0x00, 0x03, 0x00, 0x08, 0x00, 0x04, 0x00, 0x05, 0x00, 0x00, 0xE0,
    0x10, 0x00, 0x00, 0xE0, 0x05, 0x00, 0x00, 0xE0, 0x11, 0x00, 0x00, 0xE0, 0x05, 0x00, 0x00, 0xE0,
    0x12, 0x00, 0x00, 0xE0, 0x03, 0x00, 0x00, 0x00, 0x0C, 0x00, 0x00, 0x00, 0x0D, 0x00, 0x01, 0x00,
    0x0E, 0x00, 0x02, 0x00, 0x0F, 0x00, 0x03, 0x00, 0x18, 0x00, 0x00, 0x00, 0x0A, 0x00, 0x00, 0x00,
    0x0B, 0x00, 0x01, 0x00, 0x12, 0x00, 0x00, 0x00, 0x13, 0x00, 0x01, 0x00, 0x16, 0x00, 0x02, 0x00,
    0x15, 0x00, 0x03, 0x00, 0x14, 0x00, 0x04, 0x00, 0x18, 0x00, 0x05, 0x00, 0x17, 0x00, 0x06, 0x00,
    0x0F, 0x00, 0x00, 0x00, 0x10, 0x00, 0x01, 0x00, 0x11, 0x00, 0x02, 0x00, 0x12, 0x00, 0x03, 0x00,
    0x05, 0x00, 0x00, 0x00, 0x08, 0x00, 0x00, 0xE0, 0x0B, 0x00, 0x00, 0xE0, 0x0C, 0x00, 0x00, 0xE0,
    0x03, 0x00, 0x00, 0xE0, 0x0F, 0x00, 0x00, 0xE0, 0x04, 0x00, 0x01, 0x00, 0x05, 0x00, 0x00, 0x00,
    0x05, 0x00, 0x00, 0x00, 0xD8, 0x00, 0x00, 0x00, 0xE4, 0x00, 0x00, 0x00, 0xF0, 0x00, 0x00, 0x00,
    0xFC, 0x00, 0x00, 0x00, 0x08, 0x01, 0x00, 0x00, 0x14, 0x01, 0x00, 0x00, 0x20, 0x01, 0x00, 0x00,
    0x2C, 0x01, 0x00, 0x00, 0x38, 0x01, 0x00, 0x00, 0x44, 0x01, 0x00, 0x00, 0x50, 0x01, 0x00, 0x00,
    0x5C, 0x01, 0x00, 0x00, 0x68, 0x01, 0x00, 0x00, 0x74, 0x01, 0x00, 0x00, 0x80, 0x01, 0x00, 0x00,
    0x8C, 0x01, 0x00, 0x00, 0x98, 0x01, 0x00, 0x00, 0xA4, 0x01, 0x00, 0x00, 0xB0, 0x01, 0x00, 0x00,
    0xBC, 0x01, 0x00, 0x00, 0xC8, 0x01, 0x00, 0x00, 0xD4, 0x01, 0x00, 0x00, 0xE0, 0x01, 0x00, 0x00,
    0xEC, 0x01, 0x00, 0x00, 0xF8, 0x01, 0x00, 0x00, 0x04, 0x02, 0x00, 0x00, 0x10, 0x02, 0x00, 0x00,
    0x1C, 0x02, 0x00, 0x00, 0x28, 0x02, 0x00, 0x00, 0x34, 0x02, 0x00, 0x00, 0x40, 0x02, 0x00, 0x00,
    0x4C, 0x02, 0x00, 0x00, 0x58, 0x02, 0x00, 0x00, 0x64, 0x02, 0x00, 0x00, 0x70, 0x02, 0x00, 0x00,
    0x7C, 0x02, 0x00, 0x00, 0x88, 0x02, 0x00, 0x00, 0x94, 0x02, 0x00, 0x00, 0xA0, 0x02, 0x00, 0x00,
    0xAC, 0x02, 0x00, 0x00, 0xB8, 0x02, 0x00, 0x00, 0x03, 0x01, 0x00, 0x00, 0x01, 0x03, 0x03, 0x03,
    0x03, 0x00, 0x00, 0x00, 0x01, 0x00, 0x00, 0x00, 0x03, 0x03, 0x03, 0x03, 0x01, 0x00, 0x00, 0x00,
    0x03, 0x03, 0x00, 0x00, 0x03, 0x03, 0x01, 0x01, 0x01, 0x03, 0x03, 0x00, 0x03, 0x03, 0x01, 0x01,
    0x03, 0x03, 0x00, 0x00, 0x01, 0x00, 0x00, 0x00, 0x01, 0x00, 0x00, 0x00, 0x00, 0x00, 0x00, 0x00,
    0x00, 0x00, 0x00, 0x00, 0x00, 0x00, 0x00, 0x00, 0x00, 0x00, 0x00, 0x00, 0x01, 0x00, 0x00, 0x00,
    0x00, 0x00, 0x00, 0x00, 0x00, 0x00, 0x00, 0x00, 0x00, 0x00, 0x00, 0x00, 0x0E, 0x00, 0x00, 0x00,
    0x00, 0x00, 0x00, 0x00, 0x68, 0x02, 0x00, 0x00, 0x00, 0x00, 0x00, 0x00, 0x07, 0x00, 0x00, 0x00,
    0x00, 0x00, 0x00, 0x00, 0x00, 0x00, 0x00, 0x00, 0x00, 0x00, 0x00, 0x00, 0x0E, 0x00, 0x00, 0x00,
    0x00, 0x00, 0x00, 0x00, 0x50, 0x02, 0x00, 0x00, 0x00, 0x00, 0x00, 0x00, 0x07, 0x00, 0x00, 0x00,
    0x00, 0x00, 0x00, 0x00, 0x01, 0x00, 0x00, 0x00, 0x00, 0x00, 0x00, 0x00, 0x0E, 0x00, 0x00, 0x00,
    0x00, 0x00, 0x00, 0x00, 0x38, 0x02, 0x00, 0x00, 0x00, 0x00, 0x00, 0x00, 0x07, 0x00, 0x00, 0x00,
    0x00, 0x00, 0x00, 0x00, 0x03, 0x00, 0x00, 0x00, 0x00, 0x00, 0x00, 0x00, 0x07, 0x00, 0x00, 0x00,
    0x00, 0x00, 0x00, 0x00, 0x02, 0x00, 0x00, 0x00, 0x00, 0x00, 0x00, 0x00, 0x0E, 0x00, 0x00, 0x00,
    0x00, 0x00, 0x00, 0x00, 0x10, 0x02, 0x00, 0x00, 0x00, 0x00, 0x00, 0x00, 0x07, 0x00, 0x00, 0x00,
    0x00, 0x00, 0x00, 0x00, 0x04, 0x00, 0x00, 0x00, 0x00, 0x00, 0x00, 0x00, 0x07, 0x00, 0x00, 0x00,
    0x00, 0x00, 0x00, 0x00, 0x09, 0x00, 0x00, 0x00, 0x00, 0x00, 0x00, 0x00, 0x07, 0x00, 0x00, 0x00,
    0x00, 0x00, 0x00, 0x00, 0xC8, 0x00, 0x00, 0x00, 0x00, 0x00, 0x00, 0x00, 0x0E, 0x00, 0x00, 0x00,
    0x00, 0x00, 0x00, 0x00, 0xD8, 0x01, 0x00, 0x00, 0x00, 0x00, 0x00, 0x00, 0x0E, 0x00, 0x00, 0x00,
    0x00, 0x00, 0x00, 0x00, 0xCC, 0x01, 0x00, 0x00, 0x00, 0x00, 0x00, 0x00, 0x02, 0x00, 0x00, 0x00,
    0x00, 0x00, 0x00, 0x00, 0x01, 0x00, 0x00, 0x00, 0x00, 0x00, 0x00, 0x00, 0x0E, 0x00, 0x00, 0x00,
    0x00, 0x00, 0x00, 0x00, 0xBC, 0x01, 0x00, 0x00, 0x00, 0x00, 0x00, 0x00, 0x0E, 0x00, 0x00, 0x00,
    0x00, 0x00, 0x00, 0x00, 0xBC, 0x01, 0x00, 0x00, 0x00, 0x00, 0x00, 0x00, 0x0E, 0x00, 0x00, 0x00,
    0x00, 0x00, 0x00, 0x00, 0xBC, 0x01, 0x00, 0x00, 0x00, 0x00, 0x00, 0x00, 0x0E, 0x00, 0x00, 0x00,
    0x00, 0x00, 0x00, 0x00, 0xBC, 0x01, 0x00, 0x00, 0x00, 0x00, 0x00, 0x00, 0x0E, 0x00, 0x00, 0x00,
    0x00, 0x00, 0x00, 0x00, 0xB0, 0x01, 0x00, 0x00, 0x00, 0x00, 0x00, 0x00, 0x07, 0x00, 0x00, 0x00,
    0x00, 0x00, 0x00, 0x00, 0x05, 0x00, 0x00, 0x00, 0x00, 0x00, 0x00, 0x00, 0x07, 0x00, 0x00, 0x00,
    0x00, 0x00, 0x00, 0x00, 0x06, 0x00, 0x00, 0x00, 0x00, 0x00, 0x00, 0x00, 0x07, 0x00, 0x00, 0x00,
    0x00, 0x00, 0x00, 0x00, 0x07, 0x00, 0x00, 0x00, 0x00, 0x00, 0x00, 0x00, 0x07, 0x00, 0x00, 0x00,
    0x00, 0x00, 0x00, 0x00, 0x08, 0x00, 0x00, 0x00, 0x00, 0x00, 0x00, 0x00, 0x0E, 0x00, 0x00, 0x00,
    0x00, 0x00, 0x00, 0x00, 0x64, 0x01, 0x00, 0x00, 0x00, 0x00, 0x00, 0x00, 0x07, 0x00, 0x00, 0x00,
    0x00, 0x00, 0x00, 0x00, 0x0A, 0x00, 0x00, 0x00, 0x00, 0x00, 0x00, 0x00, 0x07, 0x00, 0x00, 0x00,
    0x00, 0x00, 0x00, 0x00, 0x0B, 0x00, 0x00, 0x00, 0x00, 0x00, 0x00, 0x00, 0x07, 0x00, 0x00, 0x00,
    0x00, 0x00, 0x00, 0x00, 0x0C, 0x00, 0x00, 0x00, 0x00, 0x00, 0x00, 0x00, 0x07, 0x00, 0x00, 0x00,
    0x00, 0x00, 0x00, 0x00, 0x0D, 0x00, 0x00, 0x00, 0x00, 0x00, 0x00, 0x00, 0x07, 0x00, 0x00, 0x00,
    0x00, 0x00, 0x00, 0x00, 0x0E, 0x00, 0x00, 0x00, 0x00, 0x00, 0x00, 0x00, 0x0E, 0x00, 0x00, 0x00,
    0x00, 0x00, 0x00, 0x00, 0x08, 0x01, 0x00, 0x00, 0x00, 0x00, 0x00, 0x00, 0x0E, 0x00, 0x00, 0x00,
    0x00, 0x00, 0x00, 0x00, 0xFC, 0x00, 0x00, 0x00, 0x00, 0x00, 0x00, 0x00, 0x0E, 0x00, 0x00, 0x00,
    0x00, 0x00, 0x00, 0x00, 0xF0, 0x00, 0x00, 0x00, 0x00, 0x00, 0x00, 0x00, 0x0E, 0x00, 0x00, 0x00,
    0x00, 0x00, 0x00, 0x00, 0xE4, 0x00, 0x00, 0x00, 0x00, 0x00, 0x00, 0x00, 0x0E, 0x00, 0x00, 0x00,
    0x00, 0x00, 0x00, 0x00, 0xDC, 0x00, 0x00, 0x00, 0x00, 0x00, 0x00, 0x00, 0x0E, 0x00, 0x00, 0x00,
    0x00, 0x00, 0x00, 0x00, 0xD0, 0x00, 0x00, 0x00, 0x00, 0x00, 0x00, 0x00, 0x0E, 0x00, 0x00, 0x00,
    0x00, 0x00, 0x00, 0x00, 0xC4, 0x00, 0x00, 0x00, 0x00, 0x00, 0x00, 0x00, 0x0E, 0x00, 0x00, 0x00,
    0x00, 0x00, 0x00, 0x00, 0xBC, 0x00, 0x00, 0x00, 0x00, 0x00, 0x00, 0x00, 0x0E, 0x00, 0x00, 0x00,
    0x00, 0x00, 0x00, 0x00, 0xB8, 0x00, 0x00, 0x00, 0x00, 0x00, 0x00, 0x00, 0x0E, 0x00, 0x00, 0x00,
    0x00, 0x00, 0x00, 0x00, 0xB4, 0x00, 0x00, 0x00, 0x00, 0x00, 0x00, 0x00, 0xE9, 0xA6, 0x96, 0xE9,
    0xA1, 0xB5, 0x00, 0x00, 0xE8, 0xAE, 0xBE, 0xE5, 0xA4, 0x87, 0x00, 0x00, 0xE6, 0xB6, 0x88, 0xE6,
    0x81, 0xAF, 0x00, 0x00, 0xE8, 0xAE, 0xBE, 0xE7, 0xBD, 0xAE, 0x00, 0x00, 0x4F, 0x4B, 0x00, 0x00,
    0x69, 0x63, 0x6F, 0x6E, 0x5F, 0x68, 0x6F, 0x6D, 0x65, 0x5F, 0x33, 0x32, 0x00, 0x00, 0x00, 0x00,
    0x69, 0x63, 0x6F, 0x6E, 0x5F, 0x64, 0x65, 0x76, 0x69, 0x63, 0x65, 0x5F, 0x33, 0x32, 0x00, 0x00,
    0x69, 0x63, 0x6F, 0x6E, 0x5F, 0x6D, 0x65, 0x73, 0x73, 0x61, 0x67, 0x65, 0x5F, 0x33, 0x32, 0x00,
    0x69, 0x63, 0x6F, 0x6E, 0x5F, 0x73, 0x65, 0x74, 0x74, 0x69, 0x6E, 0x67, 0x5F, 0x33, 0x32, 0x00,
    0xEF, 0x87, 0xAB, 0x00, 0xEF, 0x8A, 0x93, 0x00, 0xEF, 0x80, 0x8C, 0x00, 0xEF, 0x81, 0x93, 0x00,
    0xEF, 0x81, 0xA8, 0x00, 0xEF, 0x81, 0xA7, 0x00, 0xE6, 0x9B, 0xB4, 0xE6, 0x96, 0xB0, 0x00, 0x00,
    0x20, 0x00, 0x00, 0x00, 0xEF, 0x81, 0x94, 0x00, 0x20, 0xE8, 0xBF, 0x94, 0xE5, 0x9B, 0x9E, 0x00,
    0xE6, 0x9C, 0xAA, 0xE8, 0xBF, 0x9E, 0xE6, 0x8E, 0xA5, 0x00, 0x00, 0x00, 0xE6, 0x9C, 0xAA, 0xE5,
    0x90, 0xAF, 0xE7, 0x94, 0xA8, 0x00, 0x00, 0x00, 0xEF, 0x8C, 0x84, 0x00
};

native_var_t native_vars[] = {
    { NATIVE_VAR_TYPE_NONE, 0, 0 },
    { NATIVE_VAR_TYPE_INTEGER, get_var_content_page, set_var_content_page }, 
    { NATIVE_VAR_TYPE_INTEGER, get_var_wifi_status, set_var_wifi_status }, 
    { NATIVE_VAR_TYPE_BOOLEAN, get_var_loading, set_var_loading }, 
    { NATIVE_VAR_TYPE_INTEGER, get_var_launch_progress, set_var_launch_progress }, 
    { NATIVE_VAR_TYPE_STRING, get_var_launch_message, set_var_launch_message }, 
    { NATIVE_VAR_TYPE_STRING, get_var_wifi_enabled_text, set_var_wifi_enabled_text }, 
};

ActionExecFunc actions[] = {
    action_home_click,
    action_router_push,
    action_router_back,
    action_device_firmware_ota,
    action_wifi_scan_start,
    action_printf_hw,
    action_switch_wifi_enabled,
    action_connect_bluetooth,
    action_bluetooth_record_update_event,
    action_bluetooth_start_scan,
    action_bluetooth_stop_scan,
    action_on_pwm_value_changed,
    action_on_switch_value_changed,
    action_on_wifi_enabled,
    action_on_wifi_disabled,
    action_on_wifi_status_switch,
    action_on_wifi_connect,
    action_printf,
    action_show_loading,
    action_close_loading,
    action_update_loading,
};

void ui_init() {
    eez_flow_init(assets, sizeof(assets), (lv_obj_t **)&objects, sizeof(objects), images, sizeof(images), actions);
    ui_extension_init();
    actions_init();
}

void ui_tick() {
    eez_flow_tick();
    tick_screen(g_currentScreen);
}